Workbook
Name startday: '©'!$A$20
Name valuevx: #REF!

Sheet MASTER
A1: ='©'!A17 -> 45108 | K1: (c) 2011 Vertex42 LLC
A2: Neurology Call Schedule
A3: ULH Stroke | C3: ULH General | E3: Jewish | G3: IR | I3: EMU | K3: Jasper/TRH/JS | M3: Good Sam
A4: =UPPER(TEXT(A1,"mmmm yyyy")) -> JULY 2023
A5: =A14 -> 45110 | C5: =C14 -> 45111 | E5: =E14 -> 45112 | G5: =G14 -> 45113 | I5: =I14 -> 45114 | K5: =K14 -> 45115 | M5: =M14 -> 45116
A6: =IF(WEEKDAY($A$1,1)=startday,$A$1,"") | C6: =IF(A6="",IF(WEEKDAY($A$1,1)=MOD(startday,7)+1,$A$1,""),A6+1) | E6: =IF(C6="",IF(WEEKDAY($A$1,1)=MOD(startday,7)+2,$A$1,""),C6+1) | G6: =IF(E6="",IF(WEEKDAY($A$1,1)=MOD(startday,7)+3,$A$1,""),E6+1) | I6: =IF(G6="",IF(WEEKDAY($A$1,1)=MOD(startday,7)+4,$A$1,""),G6+1) | K6: =IF(I6="",IF(WEEKDAY($A$1,1)=MOD(startday,7)+5,$A$1,""),I6+1) -> 45108 | M6: =IF(K6="",IF(WEEKDAY($A$1,1)=MOD(startday+5,7)+1,$A$1,""),K6+1) -> 45109
G7: Ander | I7: Ander | K7: Remmel/Haboubi | M7: Remmel
G8: Holiday | I8: Holiday | K8: Holiday | M8: Holiday
G9: Sagi | I9: Sagi | K9: Sagi/Remmel | M9: Sagi/Remmel
G10: Ding | I10: Ding | K10: Ding | M10: Ding
G11: Shafer | I11: Shafer | K11: Shafer | M11: Shafer
G12: Betsy | I12: Kari (Night All) | K12: Kari (Night All) | M12: Kari (All New)
G13: Haboubi (All) | I13: Haboubi | K13: Haboubi | M13: Haboubi
A14: =M6+1 -> 45110 | C14: =A14+1 -> 45111 | E14: =C14+1 -> 45112 | G14: =E14+1 -> 45113 | I14: =G14+1 -> 45114 | K14: =I14+1 -> 45115 | M14: =K14+1 -> 45116
A22: =M14+1 -> 45117 | C22: =A22+1 -> 45118 | E22: =C22+1 -> 45119 | G22: =E22+1 -> 45120 | I22: =G22+1 -> 45121 | K22: =I22+1 -> 45122 | M22: =K22+1 -> 45123
A30: =M22+1 -> 45124 | C30: =A30+1 -> 45125 | E30: =C30+1 -> 45126 | G30: =E30+1 -> 45127 | I30: =G30+1 -> 45128 | K30: =I30+1 -> 45129 | M30: =K30+1 -> 45130
A38: =IF(M30="","",IF(MONTH(M30+1)<>MONTH($A$1),"",M30+1)) -> 45131 | C38: =IF(A38="","",IF(MONTH(A38+1)<>MONTH($A$1),"",A38+1)) -> 45132 | E38: =IF(C38="","",IF(MONTH(C38+1)<>MONTH($A$1),"",C38+1)) -> 45133 | G38: =IF(E38="","",IF(MONTH(E38+1)<>MONTH($A$1),"",E38+1)) -> 45134 | I38: =IF(G38="","",IF(MONTH(G38+1)<>MONTH($A$1),"",G38+1)) -> 45135 | K38: =IF(I38="","",IF(MONTH(I38+1)<>MONTH($A$1),"",I38+1)) -> 45136 | M38: =IF(K38="","",IF(MONTH(K38+1)<>MONTH($A$1),"",K38+1)) -> 45137
A46: =IF(M38="","",IF(MONTH(M38+1)<>MONTH($A$1),"",M38+1)) -> 45138 | C46: =IF(A46="","",IF(MONTH(A46+1)<>MONTH($A$1),"",A46+1)) | E46: Notes:
E53: © 2011-2019 by Vertex42.com. Free to print. | I53: =HYPERLINK("https://www.vertex42.com/calendars/academic-calendar.html","https://www.vertex42.com/calendars/academic-calendar.html") -> https://www.vertex42.com/calendars/academic-calendar.html

Sheet Mar2021
A1: =EDATE('©'!A17,8) -> 45352 | K1: (c) 2011 Vertex42 LLC
A2: Neurology Call Schedule
A3: ULH Stroke | C3: ULH General | E3: Jewish | G3: IR | I3: EMU | K3: Jasper/TRH/JS | M3: Good Sam
A4: =UPPER(TEXT(A1,"mmmm yyyy")) -> MARCH 2024
A5: =A14 -> 45355 | C5: =C14 -> 45356 | E5: =E14 -> 45357 | G5: =G14 -> 45358 | I5: =I14 -> 45359 | K5: =K14 -> 45360 | M5: =M14 -> 45361
A6: =IF(WEEKDAY($A$1,1)=startday,$A$1,"") | C6: =IF(A6="",IF(WEEKDAY($A$1,1)=MOD(startday,7)+1,$A$1,""),A6+1) | E6: =IF(C6="",IF(WEEKDAY($A$1,1)=MOD(startday,7)+2,$A$1,""),C6+1) | G6: =IF(E6="",IF(WEEKDAY($A$1,1)=MOD(startday,7)+3,$A$1,""),E6+1) | I6: =IF(G6="",IF(WEEKDAY($A$1,1)=MOD(startday,7)+4,$A$1,""),G6+1) -> 45352 | K6: =IF(I6="",IF(WEEKDAY($A$1,1)=MOD(startday,7)+5,$A$1,""),I6+1) -> 45353 | M6: =IF(K6="",IF(WEEKDAY($A$1,1)=MOD(startday+5,7)+1,$A$1,""),K6+1) -> 45354
A7: Liu | C7: Liu | E7: Liu | G7: Liu | I7: Liu | K7: Liu | M7: Liu
A8: Holiday | C8: Holiday | E8: Holiday | G8: Holiday | I8: Shafer | K8: Shafer | M8: Shafer
A9: Sagi | C9: Sagi | E9: Sagi | G9: Sagi | I9: Sagi | K9: Sagi | M9: Sagi
A10: Liu | C10: Liu | E10: Liu | G10: Liu | I10: Liu | K10: Liu | M10: Liu
A11: Palade | C11: Palade | E11: Palade | G11: Palade | I11: Palade | K11: Palade | M11: Palade
A12: Kari | C12: Kari (Night) | E12: Betsy (Night) | G12: Kari (Night) | I12: Kari (Night) | K12: Kari (All New) | M12: Kari (All New)
A13: Pham (Night) | C13: Pham | E13: Pham | G13: Pham | I13: Pham | K13: Pham | M13: Pham
A14: =M6+1 -> 45355 | C14: =A14+1 -> 45356 | E14: =C14+1 -> 45357 | G14: =E14+1 -> 45358 | I14: =G14+1 -> 45359 | K14: =I14+1 -> 45360 | M14: =K14+1 -> 45361
A15: Liu | C15: Liu | E15: Liu | G15: Liu | I15: Ander/Remmel | K15: Ander | M15: Ander
A16: Shafer | C16: Shafer | E16: Shafer | G16: Palade | I16: Palade | K16: Palade | M16: Palade
A17: Remmel | C17: Ander/Remmel | E17: Ander/Remmel | G17: Ander/Remmel | I17: Remmel | K17: Nord/Ander | M17: Nord/Ander
A18: Ding | C18: Ding | E18: Ding | G18: Ding | I18: Ding | K18: Ding | M18: Ding
A19: Sagi | C19: Sagi | E19: Sagi | G19: Sagi | I19: Sagi | K19: Sagi | M19: Sagi
A20: Kari (Night) | C20: Kari (Night) | E20: Betsy (Night) | G20: Betsy/Kari (Night) | I20: Betsy | K20: Betsy | M20: Betsy
A21: Nancy | C21: Nancy | E21: Nancy | G21: Nancy | I21: Nancy/Marwa (Night) | K21: Betsy (All New) | M21: Marwa (All New)
A22: =M14+1 -> 45362 | C22: =A22+1 -> 45363 | E22: =C22+1 -> 45364 | G22: =E22+1 -> 45365 | I22: =G22+1 -> 45366 | K22: =I22+1 -> 45367 | M22: =K22+1 -> 45368
A23: Ander/Remmel | C23: Ander | E23: Ander | G23: Ander | I23: Liu | K23: Liu | M23: Liu
A24: Palade | C24: Palade | E24: Palade | G24: Palade | I24: Feng | K24: Feng | M24: Feng
A25: Remmel | C25: Remmel | E25: Remmel/Ander | G25: Hernandez | I25: Hernandez | K25: Hernandez | M25: Hernandez
A26: Ding | C26: Liu | E26: Liu | G26: Ding | I26: Liu | K26: Liu | M26: Liu
A27: Sagi | C27: Sagi | E27: Sagi | G27: Sagi | I27: Sagi | K27: Sagi | M27: Sagi
A28: Betsy (Night) | C28: Betsy | E28: Betsy (Night) | G28: Kari | I28: Kari | K28: Kari | M28: Kari
A29: Pham | C29: Pham (Night) | E29: Pham | G29: Pham (Night) | I29: Pham (Night) | K29: Pham (All New) | M29: Pham (All New)
A30: =M22+1 -> 45369 | C30: =A30+1 -> 45370 | E30: =C30+1 -> 45371 | G30: =E30+1 -> 45372 | I30: =G30+1 -> 45373 | K30: =I30+1 -> 45374 | M30: =K30+1 -> 45375
A31: Liu | C31: Liu | E31: Liu | G31: Liu | I31: Remmel/Ander | K31: Remmel | M31: Remmel
A32: Feng | C32: Feng | E32: Feng | G32: Feng | I32: Robertson | K32: Robertson | M32: Robertson
A33: Remmel | C33: Ander | E33: Ander/Remmel | G33: Ander | I33: Ander | K33: Ander/Remmel | M33: Ander/Remmel
A34: Liu | C34: Liu | E34: Liu | G34: Liu | I34: Ding | K34: Ding | M34: Ding
A35: Evans | C35: Evans | E35: Evans | G35: Evans | I35: Evans | K35: Evans | M35: Evans
A36: Kari/Betsy (Night) | C36: Kari (Night) | E36: Betsy (Night) | G36: Betsy/Kari (Night) | I36: Betsy | K36: Betsy | M36: Betsy
A37: Nancy | C37: Nancy | E37: Nancy | G37: Nancy | I37: Nancy/Marwa (Night) | K37: Marwa (All New) | M37: Marwa (All New)
A38: =IF(M30="","",IF(MONTH(M30+1)<>MONTH($A$1),"",M30+1)) -> 45376 | C38: =IF(A38="","",IF(MONTH(A38+1)<>MONTH($A$1),"",A38+1)) -> 45377 | E38: =IF(C38="","",IF(MONTH(C38+1)<>MONTH($A$1),"",C38+1)) -> 45378 | G38: =IF(E38="","",IF(MONTH(E38+1)<>MONTH($A$1),"",E38+1)) -> 45379 | I38: =IF(G38="","",IF(MONTH(G38+1)<>MONTH($A$1),"",G38+1)) -> 45380 | K38: =IF(I38="","",IF(MONTH(I38+1)<>MONTH($A$1),"",I38+1)) -> 45381 | M38: =IF(K38="","",IF(MONTH(K38+1)<>MONTH($A$1),"",K38+1)) -> 45382
A39: Remmel/Ander | C39: Remmel | E39: Remmel/Ander
A40: Robertson | C40: Robertson | E40: Robertson
A41: Ander/Ander | C41: Ander | E41: Ander
A42: Ding | C42: Ding | E42: Ding
A43: Palade | C43: Palade | E43: Palade
A44: Betsy (Night) | C44: Betsy | E44: Betsy (Night)
A45: Pham | C45: Pham (Night) | E45: Pham
A46: =IF(M38="","",IF(MONTH(M38+1)<>MONTH($A$1),"",M38+1)) | C46: =IF(A46="","",IF(MONTH(A46+1)<>MONTH($A$1),"",A46+1)) | E46: Notes:
E47: Shafer-March 27, 28, 29, 30, 31
E48: Hedera-March 16-19
E49: Wang-15-18
E53: © 2011-2019 by Vertex42.com. Free to print. | I53: =HYPERLINK("https://www.vertex42.com/calendars/academic-calendar.html","https://www.vertex42.com/calendars/academic-calendar.html") -> https://www.vertex42.com/calendars/academic-calendar.html

Sheet Apr2021
A1: =EDATE('©'!A17,9) -> 45383 | K1: (c) 2011 Vertex42 LLC
A2: Neurology Call Schedule
A3: ULH Stroke | C3: ULH General | E3: Jewish | G3: IR | I3: EMU | K3: Jasper/TRH/JS | M3: Good Sam
A4: =UPPER(TEXT(A1,"mmmm yyyy")) -> APRIL 2024
A5: =A14 -> 45390 | C5: =C14 -> 45391 | E5: =E14 -> 45392 | G5: =G14 -> 45393 | I5: =I14 -> 45394 | K5: =K14 -> 45395 | M5: =M14 -> 45396
A6: =IF(WEEKDAY($A$1,1)=startday,$A$1,"") -> 45383 | C6: =IF(A6="",IF(WEEKDAY($A$1,1)=MOD(startday,7)+1,$A$1,""),A6+1) -> 45384 | E6: =IF(C6="",IF(WEEKDAY($A$1,1)=MOD(startday,7)+2,$A$1,""),C6+1) -> 45385 | G6: =IF(E6="",IF(WEEKDAY($A$1,1)=MOD(startday,7)+3,$A$1,""),E6+1) -> 45386 | I6: =IF(G6="",IF(WEEKDAY($A$1,1)=MOD(startday,7)+4,$A$1,""),G6+1) -> 45387 | K6: =IF(I6="",IF(WEEKDAY($A$1,1)=MOD(startday,7)+5,$A$1,""),I6+1) -> 45388 | M6: =IF(K6="",IF(WEEKDAY($A$1,1)=MOD(startday+5,7)+1,$A$1,""),K6+1) -> 45389
G7: Remmel | I7: Haboubi/Remmel | K7: Haboubi | M7: Haboubi
G8: Robertson | I8: Wang | K8: Wang | M8: Wang
G9: Ander | I9: Sagi/Remmel | K9: Sagi | M9: Sagi
G10: Ding | I10: Ding | K10: Ding | M10: Ding
G11: Palade | I11: Palade | K11: Palade | M11: Palade
G12: Kari (Night) | I12: Kari | K12: Kari | M12: Kari
G13: Pham | I13: Pham (Night) | K13: Pham (All New) | M13: Pham (All New)
A14: =M6+1 -> 45390 | C14: =A14+1 -> 45391 | E14: =C14+1 -> 45392 | G14: =E14+1 -> 45393 | I14: =G14+1 -> 45394 | K14: =I14+1 -> 45395 | M14: =K14+1 -> 45396
A15: Haboubi | C15: Haboubi | E15: Haboubi/Ander | G15: Haboubi | I15: Ander/Remmel | K15: Ander/Haboubi | M15: Ander
A16: Wang | C16: Wang | E16: Wang | G16: Wang | I16: Hedera | K16: Hedera | M16: Hedera
A17: Sagi | C17: Sagi | E17: Sagi/Ander | G17: Sagi | I17: Sagi/Remmel | K17: Hernandez | M17: Hernandez
A18: Liu | C18: Liu | E18: Liu | G18: Liu | I18: Liu | K18: Liu | M18: Liu
A19: Shafer | C19: Shafer | E19: Shafer | G19: Shafer | I19: Shafer | K19: Shafer | M19: Shafer
A20: Kari (Night) | C20: Kari (Night) | E20: Kari (Night) | G20: Kari (Night) | I20: Kari | K20: Kari | M20: Kari
A21: Pham | C21: Pham | E21: Pham | G21: Pham | I21: Pham/Elnazeir Night | K21: Elnazeir (AllNew) | M21: Elnazeir (All New)
A22: =M14+1 -> 45397 | C22: =A22+1 -> 45398 | E22: =C22+1 -> 45399 | G22: =E22+1 -> 45400 | I22: =G22+1 -> 45401 | K22: =I22+1 -> 45402 | M22: =K22+1 -> 45403
A23: Ander/Ander | C23: Ander | E23: Ander | G23: Ander | I23: Liu | K23: Liu | M23: Liu
A24: Hedera | C24: Hedera | E24: Hedera | G24: Hedera | I24: Brown | K24: Brown | M24: Brown
A25: Remmel/Ander | C25: Remmel | E25: Remmel/Ander | G25: Hernandez | I25: Hernandez | K25: Nord | M25: Nord
A26: Ding | C26: Ding | E26: Ding | G26: Ding | I26: Ding | K26: Ding | M26: Ding
A27: Sagi | C27: Sagi | E27: Sagi | G27: Sagi | I27: Sagi | K27: Sagi | M27: Sagi
A28: Kari (Night) | C28: Kari (Night) | E28: Betsy (Night) | G28: Betsy | I28: Betsy (Night) | K28: Betsy (All New) | M28: Betsy (All New)
A29: Haboubi | C29: Haboubi | E29: Haboubi | G29: Haboubi (night) | I29: Haboubi | K29: Haboubi | M29: Haboubi
A30: =M22+1 -> 45404 | C30: =A30+1 -> 45405 | E30: =C30+1 -> 45406 | G30: =E30+1 -> 45407 | I30: =G30+1 -> 45408 | K30: =I30+1 -> 45409 | M30: =K30+1 -> 45410
A31: Liu | C31: Liu | E31: Liu | G31: Liu | I31: Liu | K31: Remmel | M31: Remmel
A32: Brown | C32: Brown | E32: Brown | G32: Brown | I32: Holiday | K32: Holiday | M32: Holiday
A33: Ander | C33: Ander | E33: Ander | G33: Ander | I33: Ander | K33: Nord/Remmel | M33: Nord/Remmel
A34: Liu | C34: Liu | E34: Liu | G34: Liu | I34: Liu | K34: Liu | M34: Liu
A35: Shafer | C35: Shafer | E35: Shafer | G35: Shafer | I35: Shafer | K35: Shafer | M35: Shafer
A36: Betsy | C36: Betsy | E36: Betsy | G36: Kari (Night) | I36: Kari | K36: Kari | M36: Kari
A37: Haboubi (Night) | C37: Haboubi (Night) | E37: Haboubi (Night) | G37: Haboubi | I37: Haboubi/Elnazeir Night | K37: Elnazeir (All New) | M37: Elnazeir (All New)
A38: =IF(M30="","",IF(MONTH(M30+1)<>MONTH($A$1),"",M30+1)) -> 45411 | C38: =IF(A38="","",IF(MONTH(A38+1)<>MONTH($A$1),"",A38+1)) -> 45412 | E38: =IF(C38="","",IF(MONTH(C38+1)<>MONTH($A$1),"",C38+1)) | G38: =IF(E38="","",IF(MONTH(E38+1)<>MONTH($A$1),"",E38+1)) | I38: =IF(G38="","",IF(MONTH(G38+1)<>MONTH($A$1),"",G38+1)) | K38: =IF(I38="","",IF(MONTH(I38+1)<>MONTH($A$1),"",I38+1)) | M38: =IF(K38="","",IF(MONTH(K38+1)<>MONTH($A$1),"",K38+1))
A39: Remmel/Haboubi | C39: Remmel | E39: Liu | G39: Liu | I39: Liu
A40: Holiday | C40: Holiday | E40: Holiday | G40: Holiday | I40: Feng
A41: Ander/Haboubi | C41: Ander | E41: Ander | G41: Ander | I41: Ander
A42: Ding | C42: Ding | E42: Ding | G42: Ding | I42: Liu
A43: Palade | C43: Palade | E43: Palade | G43: Palade | I43: Palade
A44: Betsy | C44: Betsy | E44: Betsy (Night) | G44: Betsy | I44: Betsy (Night)
A45: Pham (Night) | C45: Pham (Night) | E45: Pham | G45: Pham (Night) | I45: Pham
A46: =IF(M38="","",IF(MONTH(M38+1)<>MONTH($A$1),"",M38+1)) | C46: =IF(A46="","",IF(MONTH(A46+1)<>MONTH($A$1),"",A46+1)) | E46: Notes:
E47: Shafer-April 1, 2, 3
E48: Sagi- April 24, 25, 26, 27, 28, 29, 30
E49: Pham- April 19-23
F50: Palade-17-23
E51: Brown-April 8-12
E53: © 2011-2019 by Vertex42.com. Free to print. | I53: =HYPERLINK("https://www.vertex42.com/calendars/academic-calendar.html","https://www.vertex42.com/calendars/academic-calendar.html") -> https://www.vertex42.com/calendars/academic-calendar.html

Sheet May2021
A1: =EDATE('©'!A17,10) -> 45413
A2: Neurology Call Schedule
A3: ULH Stroke | C3: ULH General | E3: Jewish | G3: IR | I3: EMU | K3: Jasper/TRH/JS | M3: Good Sam
A4: =UPPER(TEXT(A1,"mmmm yyyy")) -> MAY 2024
A5: =A14 -> 45418 | C5: =C14 -> 45419 | E5: =E14 -> 45420 | G5: =G14 -> 45421 | I5: =I14 -> 45422 | K5: =K14 -> 45423 | M5: =M14 -> 45424
A6: =IF(WEEKDAY($A$1,1)=startday,$A$1,"") | C6: =IF(A6="",IF(WEEKDAY($A$1,1)=MOD(startday,7)+1,$A$1,""),A6+1) | E6: =IF(C6="",IF(WEEKDAY($A$1,1)=MOD(startday,7)+2,$A$1,""),C6+1) -> 45413 | G6: =IF(E6="",IF(WEEKDAY($A$1,1)=MOD(startday,7)+3,$A$1,""),E6+1) -> 45414 | I6: =IF(G6="",IF(WEEKDAY($A$1,1)=MOD(startday,7)+4,$A$1,""),G6+1) -> 45415 | K6: =IF(I6="",IF(WEEKDAY($A$1,1)=MOD(startday,7)+5,$A$1,""),I6+1) -> 45416 | M6: =IF(K6="",IF(WEEKDAY($A$1,1)=MOD(startday+5,7)+1,$A$1,""),K6+1) -> 45417
K7: Liu | M7: Liu
K8: Feng | M8: Feng
K9: Hernandez | M9: Hernandez
K10: Liu | M10: Liu
K11: Palade | M11: Palade
K12: Betsy (All New) | M12: Betsy (All New
K13: Pham | M13: Pham
A14: =M6+1 -> 45418 | C14: =A14+1 -> 45419 | E14: =C14+1 -> 45420 | G14: =E14+1 -> 45421 | I14: =G14+1 -> 45422 | K14: =I14+1 -> 45423 | M14: =K14+1 -> 45424
A15: Liu | C15: Liu | E15: Liu | G15: Liu | I15: Ander/Remmel | K15: Ander | M15: Ander
A16: Feng | C16: Feng | E16: Feng | G16: Feng | I16: Shafer | K16: Shafer | M16: Shafer
A17: Sagi | C17: Sagi | E17: Sagi | G17: Sagi | I17: Sagi | K17: Sagi/Ander | M17: Sagi/Ander
A18: Liu | C18: Liu | E18: Liu | G18: Ding | I18: Ding | K18: Ding | M18: Ding
A19: Palade | C19: Palade | E19: Palade | G19: Palade | I19: Palade | K19: Palade | M19: Palade
A20: Kari (Night) | C20: Kari (Night) | E20: Betsy (Night) | G20: Kari (Night) | I20: Kari | K20: Kari | M20: Kari
A21: Haboubi | C21: Haboubi | E21: Haboubi | G21: Haboubi | I21: Haboubi/Elnazier (Night) | K21: Elnazier (All New) | M21: Elnazier (All New)
A22: =M14+1 -> 45425 | C22: =A22+1 -> 45426 | E22: =C22+1 -> 45427 | G22: =E22+1 -> 45428 | I22: =G22+1 -> 45429 | K22: =I22+1 -> 45430 | M22: =K22+1 -> 45431
A23: Ander/Haboubi | C23: Ander | E23: Ander/Ander | G23: Ander | I23: Remmel/Ander | K23: Remmel | M23: Remmel
A24: Shafer | C24: Shafer | E24: Shafer | G24: Shafer | I24: Brown | K24: Brown | M24: Brown
A25: Remmel | C25: Remmel | E25: Remmel | G25: Remmel | I25: Ander | K25: Nord/Remmel | M25: Nord/Remmel
A26: Liu | C26: Liu | E26: Liu | G26: Liu | I26: Liu | K26: Liu | M26: Liu
A27: Sagi | C27: Sagi | E27: Sagi | G27: Sagi | I27: Sagi | K27: Sagi | M27: Sagi
A28: Kari (Night) | C28: Kari (Night) | E28: Betsy (Night) | G28: Betsy | I28: Betsy | K28: Betsy | M28: Betsy
A29: Haboubi | C29: Haboubi | E29: Haboubi | G29: Haboubi (Night) | I29: Haboubi (Night) | K29: Haboubi (All New) | M29: Haboubi (All New)
A30: =M22+1 -> 45432 | C30: =A30+1 -> 45433 | E30: =C30+1 -> 45434 | G30: =E30+1 -> 45435 | I30: =G30+1 -> 45436 | K30: =I30+1 -> 45437 | M30: =K30+1 -> 45438
A31: Remmel/Ander | C31: Remmel | E31: Remmel/Remmel | G31: Remmel | I31: Haboubi/Remmel | K31: Haboubi | M31: Haboubi
A32: Brown | C32: Brown | E32: Brown | G32: Brown | I32: Wang | K32: Wang | M32: Wang
A33: Ander | C33: Ander | E33: Ander/Remmel | G33: Ander | I33: Ander/Remmel | K33: Elnazeir | M33: Elnazeir
A34: Ding | C34: Ding | E34: Ding | G34: Ding | I34: Ding | K34: Ding | M34: Ding
A35: Shafer | C35: Shafer | E35: Shafer | G35: Shafer | I35: Shafer | K35: Shafer | M35: Shafer
A36: Kari (Night) | C36: Kari (Night) | E36: Kari | G36: Kari | I36: Kari (Night) | K36: Kari (All New) | M36: Kari (All New)
A37: Pham | C37: Pham | E37: Pham (Night) | G37: Pham (Night) | I37: Pham | K37: Pham | M37: Pham
A38: =IF(M30="","",IF(MONTH(M30+1)<>MONTH($A$1),"",M30+1)) -> 45439 | C38: =IF(A38="","",IF(MONTH(A38+1)<>MONTH($A$1),"",A38+1)) -> 45440 | E38: =IF(C38="","",IF(MONTH(C38+1)<>MONTH($A$1),"",C38+1)) -> 45441 | G38: =IF(E38="","",IF(MONTH(E38+1)<>MONTH($A$1),"",E38+1)) -> 45442 | I38: =IF(G38="","",IF(MONTH(G38+1)<>MONTH($A$1),"",G38+1)) -> 45443 | K38: =IF(I38="","",IF(MONTH(I38+1)<>MONTH($A$1),"",I38+1)) | M38: =IF(K38="","",IF(MONTH(K38+1)<>MONTH($A$1),"",K38+1))
A39: Haboubi/Ander | C39: Haboubi | E39: Haboubi/Haboubi | G39: Haboubi | I39: Ander/Remmel | K39: Ander | M39: Ander
A40: Wang | C40: Wang | E40: Wang | G40: Wang | I40: Palade | K40: Palade | M40: Palade
A41: Ander | C41: Ander | E41: Ander/Haboubi | G41: Ander | I41: Remmel/Remmel | K41: Remmel/Ander | M41: Remmel/Ander
A42: Liu | C42: Liu | E42: Liu | G42: Liu | I42: Ding | K42: Ding | M42: Ding
A43: Sagi | C43: Sagi | E43: Sagi | G43: Sagi | I43: Sagi | K43: Sagi | M43: Sagi
A44: Betsy (Night) | C44: Betsy | E44: Betsy (Night) | G44: Betsy | I44: Betsy | K44: Betsy | M44: Betsy
A45: Pham | C45: Pham (Night) | E45: Pham | G45: Pham (Night) | I45: Pham (Night) | K45: Pham (All New) | M45: Pham (All New)
A46: =IF(M38="","",IF(MONTH(M38+1)<>MONTH($A$1),"",M38+1)) | C46: =IF(A46="","",IF(MONTH(A46+1)<>MONTH($A$1),"",A46+1)) | E46: Notes:
A47: Ander | E47: Shafer (May 28)
A48: Palade | E48: Sagi-May 1,2, 17,18,19,20, 21, 22, 23
A49: Sagi
A50: Ding
A51: Palade
A52: Kari (Night)
A53: Haboubi | E53: © 2011-2019 by Vertex42.com. Free to print. | I53: =HYPERLINK("https://www.vertex42.com/calendars/academic-calendar.html","https://www.vertex42.com/calendars/academic-calendar.html") -> https://www.vertex42.com/calendars/academic-calendar.html

Sheet Jun2021
A1: =EDATE('©'!A17,11) -> 45444
A2: Neurology Call Schedule
A3: ULH Stroke | C3: ULH General | E3: Jewish | G3: IR | I3: EMU | K3: Jasper/TRH/JS | M3: Good Sam
A4: =UPPER(TEXT(A1,"mmmm yyyy")) -> JUNE 2024
A5: =A14 -> 45446 | C5: =C14 -> 45447 | E5: =E14 -> 45448 | G5: =G14 -> 45449 | I5: =I14 -> 45450 | K5: =K14 -> 45451 | M5: =M14 -> 45452
A6: =IF(WEEKDAY($A$1,1)=startday,$A$1,"") | C6: =IF(A6="",IF(WEEKDAY($A$1,1)=MOD(startday,7)+1,$A$1,""),A6+1) | E6: =IF(C6="",IF(WEEKDAY($A$1,1)=MOD(startday,7)+2,$A$1,""),C6+1) | G6: =IF(E6="",IF(WEEKDAY($A$1,1)=MOD(startday,7)+3,$A$1,""),E6+1) | I6: =IF(G6="",IF(WEEKDAY($A$1,1)=MOD(startday,7)+4,$A$1,""),G6+1) | K6: =IF(I6="",IF(WEEKDAY($A$1,1)=MOD(startday,7)+5,$A$1,""),I6+1) -> 45444 | M6: =IF(K6="",IF(WEEKDAY($A$1,1)=MOD(startday+5,7)+1,$A$1,""),K6+1) -> 45445
C7: Ander | E7: Ander/Ander | G7: Ander | I7: Haboubi/Haboubi | K7: Haboubi | M7: Haboubi/Ander
C8: Palade | E8: Palade | G8: Palade | I8: Holiday | K8: Holiday | M8: Holiday
C9: Remmel | E9: Remmel/Ander | G9: Remmel | I9: Ander/Haboubi | K9: Remmel/Haboubi | M9: Remmel/Ander
C10: Ding | E10: Ding | G10: Ding | I10: Ding | K10: Ding | M10: Ding
C11: Palade | E11: Palade | G11: Palade | I11: Palade | K11: Palade | M11: Palade
C12: Kari | E12: Betsy (Night) | G12: Kari (Night) | I12: Kari | K12: Betsy | M12: Betsy
C13: Haboubi (Night) | E13: Haboubi | G13: Haboubi | I13: Pham/Elnazeir (Night) | K13: Elnazeir (All New) | M13: Elnazeir (All New)
A14: =M6+1 -> 45446 | C14: =A14+1 -> 45447 | E14: =C14+1 -> 45448 | G14: =E14+1 -> 45449 | I14: =G14+1 -> 45450 | K14: =I14+1 -> 45451 | M14: =K14+1 -> 45452
A15: Haboubi/Ander | C15: Haboubi | E15: Haboubi/Haboubi | G15: Haboubi | I15: Remmel/Haboubi | K15: Remmel | M15: Remmel
A16: Holiday | C16: Holiday | E16: Holiday | G16: Holiday | I16: Feng | K16: Feng | M16: Feng
A17: Ander/Ander | C17: Ander | E17: Ander/Haboubi | G17: Ander | I17: Ander/Haboubi | K17: Hernandez/Remmel | M17: Hernandez/Remmel
A18: Liu | C18: Liu | E18: Ding | G18: Ding | I18: Ding | K18: Ding | M18: Ding
A19: Evans | C19: Evans | E19: Evans | G19: Evans | I19: Evans | K19: Evans | M19: Evans
A20: Betsy | C20: Betsy | E20: Betsy (Night) | G20: Kari | I20: Kari (Night) | K20: Kari (All New) | M20: Kari (All New)
A21: Pham (Night) | C21: Pham (Night) | E21: Pham | G21: Pham (Night) | I21: Pham | K21: Pham | M21: Pham
A22: =M14+1 -> 45453 | C22: =A22+1 -> 45454 | E22: =C22+1 -> 45455 | G22: =E22+1 -> 45456 | I22: =G22+1 -> 45457 | K22: =I22+1 -> 45458 | M22: =K22+1 -> 45459
A23: Liu | C23: Liu | E23: Liu | G23: Liu | I23: Liu | K23: Liu | M23: Liu
A24: Feng | C24: Feng | E24: Feng | G24: Feng | I24: Hedera | K24: Hedera | M24: Hedera
A25: Remmel | C25: Remmel | E25: Remmel | G25: Remmel | I25: Remmel/Liu | K25: Elnazeir | M25: Elnazeir
A26: Liu | C26: Liu | E26: Liu | G26: Liu | I26: Liu | K26: Liu | M26: Liu
A27: Shafer | C27: Shafer | E27: Shafer | G27: Shafer | I27: Shafer | K27: Shafer | M27: Shafer
A28: Betsy | C28: Betsy | E28: Betsy (Night) | G28: Betsy | I28: Betsy (Night) | K28: Betsy (All New) | M28: Betsy (All New)
A29: Haboubi (Night) | C29: Haboubi (Night) | E29: Haboubi | G29: Haboubi (Night) | I29: Haboubi | K29: Haboubi | M29: Haboubi
A30: =M22+1 -> 45460 | C30: =A30+1 -> 45461 | E30: =C30+1 -> 45462 | G30: =E30+1 -> 45463 | I30: =G30+1 -> 45464 | K30: =I30+1 -> 45465 | M30: =K30+1 -> 45466
A31: Liu/Ander | C31: Liu | E31: Liu | G31: Liu | I31: Ander/Remmel | K31: Ander | M31: Ander
A32: Hedera | C32: Hedera | E32: Hedera | G32: Hedera | I32: Robertson | K32: Robertson | M32: Robertson
A33: Ander | C33: Ander | E33: Ander | G33: Ander | I33: Remmel/Remmel | K33: Remmel/Ander | M33: Remmel/Ander
A34: Ding | C34: Liu | E34: Liu | G34: Liu | I34: Liu | K34: Liu | M34: Liu
A35: Shafer | C35: Shafer | E35: Shafer | G35: Shafer | I35: Shafer | K35: Shafer | M35: Shafer
A36: Kari (Night) | C36: Kari (Night) | E36: Kari (Night) | G36: Kari (Night) | I36: Kari | K36: Kari | M36: Kari (All New)
A37: Haboubi | C37: Haboubi | E37: Haboubi | G37: Haboubi | I37: Haboubi (Night) | K37: Haboubi (All New) | M37: Haboubi
A38: =IF(M30="","",IF(MONTH(M30+1)<>MONTH($A$1),"",M30+1)) -> 45467 | C38: =IF(A38="","",IF(MONTH(A38+1)<>MONTH($A$1),"",A38+1)) -> 45468 | E38: =IF(C38="","",IF(MONTH(C38+1)<>MONTH($A$1),"",C38+1)) -> 45469 | G38: =IF(E38="","",IF(MONTH(E38+1)<>MONTH($A$1),"",E38+1)) -> 45470 | I38: =IF(G38="","",IF(MONTH(G38+1)<>MONTH($A$1),"",G38+1)) -> 45471 | K38: =IF(I38="","",IF(MONTH(I38+1)<>MONTH($A$1),"",I38+1)) -> 45472 | M38: =IF(K38="","",IF(MONTH(K38+1)<>MONTH($A$1),"",K38+1)) -> 45473
A39: Ander/Haboubi | C39: Ander | E39: Ander/Ander
A40: Robertson | C40: Robertson | E40: Robertson
A41: Remmel/Haboubi | C41: Remmel | E41: Remmel/Ander
A42: Ding | C42: Ding | E42: Ding
A43: Palade | C43: Palade | E43: Palade
A44: Kari | C44: Kari | E44: Betsy (Night)
A45: Pham (Night) | C45: Pham (Night) | E45: Pham
A46: =IF(M38="","",IF(MONTH(M38+1)<>MONTH($A$1),"",M38+1)) | C46: =IF(A46="","",IF(MONTH(A46+1)<>MONTH($A$1),"",A46+1)) | E46: Notes:
E47: Sagi-June 7-30
E48: Liu-June 28th-30th
E53: © 2011-2019 by Vertex42.com. Free to print. | I53: =HYPERLINK("https://www.vertex42.com/calendars/academic-calendar.html","https://www.vertex42.com/calendars/academic-calendar.html") -> https://www.vertex42.com/calendars/academic-calendar.html

Sheet Jul2021
A1: =EDATE('©'!A17,12) -> 45474
A2: Neurology Call Schedule
A3: ULH Stroke | C3: ULH General | E3: Jewish | G3: IR | I3: EMU | K3: Jasper/TRH/JS | M3: Good Sam
A4: =UPPER(TEXT(A1,"mmmm yyyy")) -> JULY 2024
A5: =A14 -> 45481 | C5: =C14 -> 45482 | E5: =E14 -> 45483 | G5: =G14 -> 45484 | I5: =I14 -> 45485 | K5: =K14 -> 45486 | M5: =M14 -> 45487
A6: =IF(WEEKDAY($A$1,1)=startday,$A$1,"") -> 45474 | C6: =IF(A6="",IF(WEEKDAY($A$1,1)=MOD(startday,7)+1,$A$1,""),A6+1) -> 45475 | E6: =IF(C6="",IF(WEEKDAY($A$1,1)=MOD(startday,7)+2,$A$1,""),C6+1) -> 45476 | G6: =IF(E6="",IF(WEEKDAY($A$1,1)=MOD(startday,7)+3,$A$1,""),E6+1) -> 45477 | I6: =IF(G6="",IF(WEEKDAY($A$1,1)=MOD(startday,7)+4,$A$1,""),G6+1) -> 45478 | K6: =IF(I6="",IF(WEEKDAY($A$1,1)=MOD(startday,7)+5,$A$1,""),I6+1) -> 45479 | M6: =IF(K6="",IF(WEEKDAY($A$1,1)=MOD(startday+5,7)+1,$A$1,""),K6+1) -> 45480
G7: Ander | I7: Haboubi | K7: Haboubi | M7: Haboubi
G8: Robertson | I8: Shafer | K8: Shafer | M8: Shafer
G9: Remmel/Ander | I9: Sagi | K9: Hernandez/Haboubi | M9: Hernandez/Haboubi
G10: Ding | I10: Ding | K10: Ding | M10: Ding
G11: Palade | I11: Palade | K11: Palade | M11: Palade
G12: Betsy | I12: Betsy (Night) | K12: Betsy (All New) | M12: Betsy (All New)
G13: Pham (Night) | I13: Pham | K13: Pham | M13: Pham
A14: =M6+1 -> 45481 | C14: =A14+1 -> 45482 | E14: =C14+1 -> 45483 | G14: =E14+1 -> 45484 | I14: =G14+1 -> 45485 | K14: =I14+1 -> 45486 | M14: =K14+1 -> 45487
A15: Haboubi/Remmel | C15: Haboubi | E15: Haboubi | G15: Haboubi | I15: Remmel/Ander | K15: Remmel | M15: Remmel
A16: Shafer | C16: Shafer | E16: Shafer | G16: Shafer | I16: Palade | K16: Palade | M16: Palade
A17: Sagi | C17: Sagi | E17: Sagi | G17: Sagi | I17: Ander | K17: Ander/Remmel | M17: Ander/Remmel
A18: Ding | C18: Ding | E18: Ding | G18: Ding | I18: Abecassis | K18: Abecassis | M18: Abecassis
A19: Palade | C19: Palade | E19: Palade | G19: Palade | I19: Sagi | K19: Sagi | M19: Sagi
A20: Kari | C20: Kari | E20: Betsy (Night) | G20: Kari (Night) | I20: Kari | K20: Kari | M20: Kari
A21: Pham (Night) | C21: Pham (Night) | E21: Pham | G21: Pham | I21: Pham (Night) | K21: Pham (All new) | M21: Pham (All New)
A22: =M14+1 -> 45488 | C22: =A22+1 -> 45489 | E22: =C22+1 -> 45490 | G22: =E22+1 -> 45491 | I22: =G22+1 -> 45492 | K22: =I22+1 -> 45493 | M22: =K22+1 -> 45494
A23: Remmel/Ander | C23: Remmel | E23: Remmel | G23: Remmel | I23: Liu | K23: Liu | M23: Liu
A24: Palade | C24: Palade | E24: Palade | G24: Palade | I24: Wang | K24: Wang | M24: Wang
A25: Ander | C25: Ander | E25: Ander | G25: Ander/Remmel-3pm | I25: Remmel/Liu | K25: Remmel/Liu | M25: Remmel/Liu
A26: Abecassis | C26: Abecassis | E26: Liu | G26: Liu | I26: Liu | K26: Liu | M26: Liu
A27: Sagi | C27: Sagi | E27: Sagi | G27: Sagi | I27: Sagi | K27: Sagi | M27: Sagi
A28: Kari (Night) | C28: Kari (Night) | E28: Betsy (Night) | G28: Betsy | I28: Betsy | K28: Betsy | M28: Betsy
A29: Pham | C29: Pham | E29: Pham | G29: Haboubi (Night) | I29: Haboubi (Night) | K29: Haboubi (All New) | M29: Haboubi (All New)
A30: =M22+1 -> 45495 | C30: =A30+1 -> 45496 | E30: =C30+1 -> 45497 | G30: =E30+1 -> 45498 | I30: =G30+1 -> 45499 | K30: =I30+1 -> 45500 | M30: =K30+1 -> 45501
A31: Liu | C31: Liu | E31: Liu | G31: Liu | I31: Ander/Haboubi | K31: Ander | M31: Ander
A32: Wang | C32: Wang | E32: Wang | G32: Wang | I32: Brown | K32: Brown | M32: Brown
A33: Remmel | C33: Remmel | E33: Remmel | G33: Remmel | I33: Sagi | K33: Sagi/Ander | M33: Sagi/Ander
A34: Liu | C34: Liu | E34: Liu | G34: Ding | I34: Ding | K34: Ding | M34: Ding
A35: Evans | C35: Evans | E35: Evans | G35: Evans | I35: Evans | K35: Evans | M35: Evans
A36: Betsy (Night) | C36: Betsy | E36: Betsy (Night) | G36: Kari | I36: Kari (Night) | K36: Kari (All New) | M36: Kari (All New)
A37: Haboubi | C37: Haboubi (Night) | E37: Haboubi | G37: Haboubi (Night) | I37: Haboubi | K37: Haboubi | M37: Haboubi
A38: =IF(M30="","",IF(MONTH(M30+1)<>MONTH($A$1),"",M30+1)) -> 45502 | C38: =IF(A38="","",IF(MONTH(A38+1)<>MONTH($A$1),"",A38+1)) -> 45503 | E38: =IF(C38="","",IF(MONTH(C38+1)<>MONTH($A$1),"",C38+1)) -> 45504 | G38: =IF(E38="","",IF(MONTH(E38+1)<>MONTH($A$1),"",E38+1)) | I38: =IF(G38="","",IF(MONTH(G38+1)<>MONTH($A$1),"",G38+1)) | K38: =IF(I38="","",IF(MONTH(I38+1)<>MONTH($A$1),"",I38+1)) | M38: =IF(K38="","",IF(MONTH(K38+1)<>MONTH($A$1),"",K38+1))
A39: Ander/Haboubi | C39: Ander | E39: Ander/Liu | G39: Ander | I39: Haboubi/Liu | K39: Haboubi
A40: Brown | C40: Brown | E40: Brown | G40: Brown | I40: Holiday | K40: Holiday
A41: Sagi | C41: Sagi | E41: Sagi | G41: Sagi | I41: Ander | K41: Ander/Haboubi
A42: Liu | C42: Liu | E42: Liu | G42: Liu | I42: Liu | K42: Liu
A43: Shafer | C43: Shafer | E43: Shafer | G43: Shafer | I43: Shafer | K43: Shafer
A44: Kari (Night) | C44: Kari (Night) | E44: Betsy (Night) | G44: Betsy | I44: Betsy (Night) | K44: Betsy (All New)
A45: Pham | C45: Pham | E45: Pham | G45: Pham (Night) | I45: Pham | K45: Pham
A46: =IF(M38="","",IF(MONTH(M38+1)<>MONTH($A$1),"",M38+1)) | C46: =IF(A46="","",IF(MONTH(A46+1)<>MONTH($A$1),"",A46+1)) | E46: Notes:
E47: Palade- 26-30, Pham 19-23, Haboubi-12-14, Ander-15-18
E48: Liu-July 1-13
E49: Remmel-July 2-5
E53: © 2011-2019 by Vertex42.com. Free to print. | I53: =HYPERLINK("https://www.vertex42.com/calendars/academic-calendar.html","https://www.vertex42.com/calendars/academic-calendar.html") -> https://www.vertex42.com/calendars/academic-calendar.html

Sheet Aug2021
A1: =EDATE('©'!A17,13) -> 45505
A2: Neurology Call Schedule
A3: ULH Stroke | C3: ULH General | E3: Jewish | G3: IR | I3: EMU | K3: Jasper/TRH/JS | M3: Good Sam
A4: =UPPER(TEXT(A1,"mmmm yyyy")) -> AUGUST 2024
A5: =A14 -> 45509 | C5: =C14 -> 45510 | E5: =E14 -> 45511 | G5: =G14 -> 45512 | I5: =I14 -> 45513 | K5: =K14 -> 45514 | M5: =M14 -> 45515
A6: =IF(WEEKDAY($A$1,1)=startday,$A$1,"") | C6: =IF(A6="",IF(WEEKDAY($A$1,1)=MOD(startday,7)+1,$A$1,""),A6+1) | E6: =IF(C6="",IF(WEEKDAY($A$1,1)=MOD(startday,7)+2,$A$1,""),C6+1) | G6: =IF(E6="",IF(WEEKDAY($A$1,1)=MOD(startday,7)+3,$A$1,""),E6+1) -> 45505 | I6: =IF(G6="",IF(WEEKDAY($A$1,1)=MOD(startday,7)+4,$A$1,""),G6+1) -> 45506 | K6: =IF(I6="",IF(WEEKDAY($A$1,1)=MOD(startday,7)+5,$A$1,""),I6+1) -> 45507 | M6: =IF(K6="",IF(WEEKDAY($A$1,1)=MOD(startday+5,7)+1,$A$1,""),K6+1) -> 45508
M7: Haboubi
M8: Holiday
M9: Ander/Haboubi
M10: Liu
M11: Shafer
M12: Betsy (All New)
M13: Pham
A14: =M6+1 -> 45509 | C14: =A14+1 -> 45510 | E14: =C14+1 -> 45511 | G14: =E14+1 -> 45512 | I14: =G14+1 -> 45513 | K14: =I14+1 -> 45514 | M14: =K14+1 -> 45515
A15: Haboubi/Ander | C15: Haboubi | E15: Haboubi | G15: Haboubi | I15: Liu | K15: Liu | M15: Liu
A16: Holiday | C16: Holiday | E16: Holiday | G16: Holiday | I16: Robertson | K16: Robertson | M16: Robertson
A17: Ander | C17: Ander | E17: Ander | G17: Ander | I17: Remmel | K17: Remmel | M17: Remmel
A18: Liu | C18: Liu | E18: Liu | G18: Liu | I18: Liu | K18: Liu | M18: Liu
A19: Palade | C19: Palade | E19: Palade | G19: Palade | I19: Palade | K19: Palade | M19: Palade
A20: Kari (night) | C20: Kari (Night) | E20: Betsy/Marwa | G20: Betsy | I20: Kari (Night) | K20: Kari (All New) | M20: Kari (All New)
A21: Pham | C21: Pham | E21: Pham | G21: Pham (Night) | I21: Pham | K21: Pham | M21: Pham
A22: =M14+1 -> 45516 | C22: =A22+1 -> 45517 | E22: =C22+1 -> 45518 | G22: =E22+1 -> 45519 | I22: =G22+1 -> 45520 | K22: =I22+1 -> 45521 | M22: =K22+1 -> 45522
A23: Remmel | C23: Remmel | E23: Remmel | G23: Remmel | I23: Liu | K23: Liu | M23: Liu
A24: Robertson | C24: Robertson | E24: Robertson | G24: Robertson | I24: Hedera | K24: Hedera | M24: Hedera
A25: Brown | C25: Brown | E25: Brown | G25: Brown | I25: Brown | K25: Hernandez | M25: Hernandez
A26: Ding | C26: Ding | E26: Ding | G26: Ding | I26: Ding | K26: Ding | M26: Ding
A27: Shafer | C27: Shafer | E27: Shafer | G27: Shafer | I27: Shafer | K27: Shafer | M27: Shafer
A28: Kari | C28: Kari (night) | E28: Betsy (Night) | G28: Betsy | I28: Kari | K28: Kari | M28: Kari (All New)
A29: Haboubi (Haboubi) | C29: Haboubi | E29: Haboubi | G29: Haboubi (Night) | I29: Haboubi (Night) | K29: Haboubi (All New) | M29: Haboubi
A30: =M22+1 -> 45523 | C30: =A30+1 -> 45524 | E30: =C30+1 -> 45525 | G30: =E30+1 -> 45526 | I30: =G30+1 -> 45527 | K30: =I30+1 -> 45528 | M30: =K30+1 -> 45529
A31: Liu | C31: Liu | E31: Liu | G31: Liu | I31: Ander/Liu | K31: Ander | M31: Ander
A32: Hedera | C32: Hedera | E32: Hedera | G32: Hedera | I32: Shafer | K32: Shafer | M32: Shafer
A33: Ander | C33: Ander | E33: Ander | G33: Ander | I33: Sagi | K33: Elnazeir/Ander | M33: Elnazeir/Ander
A34: Liu | C34: Liu | E34: Abecassis | G34: Abecassis | I34: Abecassis | K34: Abecassis | M34: Abecassis
A35: Sagi | C35: Sagi | E35: Sagi | G35: Sagi | I35: Sagi | K35: Sagi | M35: Sagi
A36: Kari (Night) | C36: Betsy | E36: Betsy /Marwa | G36: Betsy | I36: Betsy (Night) | K36: Betsy (All New) | M36: Betsy (All New)
A37: Haboubi | C37: Haboubi (Night) | E37: Haboubi | G37: Haboubi (Night) | I37: Haboubi | K37: Haboubi | M37: Haboubi
A38: =IF(M30="","",IF(MONTH(M30+1)<>MONTH($A$1),"",M30+1)) -> 45530 | C38: =IF(A38="","",IF(MONTH(A38+1)<>MONTH($A$1),"",A38+1)) -> 45531 | E38: =IF(C38="","",IF(MONTH(C38+1)<>MONTH($A$1),"",C38+1)) -> 45532 | G38: =IF(E38="","",IF(MONTH(E38+1)<>MONTH($A$1),"",E38+1)) -> 45533 | I38: =IF(G38="","",IF(MONTH(G38+1)<>MONTH($A$1),"",G38+1)) -> 45534 | K38: =IF(I38="","",IF(MONTH(I38+1)<>MONTH($A$1),"",I38+1)) -> 45535 | M38: =IF(K38="","",IF(MONTH(K38+1)<>MONTH($A$1),"",K38+1))
A39: Ander | C39: Ander | E39: Ander | G39: Ander | I39: Haboubi/Ander | K39: Haboubi | M39: Haboubi
A40: Shafer | C40: Shafer | E40: Shafer | G40: Shafer | I40: Palade | K40: Palade | M40: Palade
A41: Sagi | C41: Sagi | E41: Sagi | G41: Sagi | I41: Ander | K41: Ander/Haboubi | M41: Ander/Haboubi
A42: Abecassis | C42: Abecassis | E42: Abecassis | G42: Abecassis | I42: Abecassis | K42: Ding | M42: Ding
A43: Palade | C43: Palade | E43: Palade | G43: Palade | I43: Shafer | K43: Shafer | M43: Shafer
A44: Betsy (Night) | C44: Betsy | E44: Betsy (Night) | G44: Kari | I44: Betsy | K44: Kari | M44: Betsy
A45: Pham | C45: Pham (Night) | E45: Pham | G45: Pham (Night) | I45: Pham (Night) | K45: Pham (All New) | M45: Pham (All New)
A46: =IF(M38="","",IF(MONTH(M38+1)<>MONTH($A$1),"",M38+1)) | C46: =IF(A46="","",IF(MONTH(A46+1)<>MONTH($A$1),"",A46+1)) | E46: Notes:
A47: Haboubi/Remmel | C47: Haboubi | E47: Holiday-August 9-15
A48: Palade | C48: Palade | E48: Sagi-August 5-8
A49: Ander/Remmel | C49: Ander | E49: Remmel-August 5, August 27
A50: Ding | C50: Liu
A51: Shafer | C51: Shafer
A52: Kari (Night) | C52: Kari (Night)
A53: Pham | C53: Pham | E53: © 2011-2019 by Vertex42.com. Free to print. | I53: =HYPERLINK("https://www.vertex42.com/calendars/academic-calendar.html","https://www.vertex42.com/calendars/academic-calendar.html") -> https://www.vertex42.com/calendars/academic-calendar.html

Sheet Sept2021
A1: =EDATE('©'!A17,14) -> 45536
A2: Neurology Call Schedule
A3: ULH Stroke | C3: ULH General | E3: Jewish | G3: IR | I3: EMU | K3: Jasper/TRH/JS | M3: Good Sam
A4: =UPPER(TEXT(A1,"mmmm yyyy")) -> SEPTEMBER 2024
A5: =A14 -> 45537 | C5: =C14 -> 45538 | E5: =E14 -> 45539 | G5: =G14 -> 45540 | I5: =I14 -> 45541 | K5: =K14 -> 45542 | M5: =M14 -> 45543
A6: =IF(WEEKDAY($A$1,1)=startday,$A$1,"") | C6: =IF(A6="",IF(WEEKDAY($A$1,1)=MOD(startday,7)+1,$A$1,""),A6+1) | E6: =IF(C6="",IF(WEEKDAY($A$1,1)=MOD(startday,7)+2,$A$1,""),C6+1) | G6: =IF(E6="",IF(WEEKDAY($A$1,1)=MOD(startday,7)+3,$A$1,""),E6+1) | I6: =IF(G6="",IF(WEEKDAY($A$1,1)=MOD(startday,7)+4,$A$1,""),G6+1) | K6: =IF(I6="",IF(WEEKDAY($A$1,1)=MOD(startday,7)+5,$A$1,""),I6+1) | M6: =IF(K6="",IF(WEEKDAY($A$1,1)=MOD(startday+5,7)+1,$A$1,""),K6+1) -> 45536
E7: Haboubi | G7: Haboubi | I7: Liu/Remmel | K7: Liu/Remmel | M7: Liu/Remmel
E8: Palade | G8: Palade | I8: Wang | K8: Wang | M8: Wang
E9: Ander | G9: Ander | I9: Sagi | K9: Remmel | M9: Remmel
E10: Liu | G10: Liu | I10: Liu | K10: Liu | M10: Liu
E11: Shafer | G11: Shafer | I11: Shafer | K11: Shafer | M11: Shafer
E12: Kari | G12: Kari | I12: Kari (Night) | K12: Kari (All New) | M12: Kari (All New)
E13: Pham | G13: Pham (Night) | I13: Pham | K13: Pham | M13: Pham
A14: =M6+1 -> 45537 | C14: =A14+1 -> 45538 | E14: =C14+1 -> 45539 | G14: =E14+1 -> 45540 | I14: =G14+1 -> 45541 | K14: =I14+1 -> 45542 | M14: =K14+1 -> 45543
A15: Liu/Remmel | C15: Liu | E15: Liu/Remmel | G15: Liu | I15: Liu | K15: Liu | M15: Liu
A16: Wang | C16: Wang | E16: Wang | G16: Wang | I16: Brown | K16: Brown | M16: Brown
A17: Sagi/Remmel | C17: Sagi | E17: Sagi/Remmel | G17: Sagi | I17: Sagi | K17: Sagi | M17: Sagi
A18: Liu | C18: Abecassis | E18: Abecassis | G18: Abecassis | I18: Ding | K18: Ding | M18: Ding
A19: Palade | C19: Palade | E19: Palade | G19: Palade | I19: Palade | K19: Palade | M19: Palade
A20: Betsy (Night) | C20: Betsy /Kari night | E20: Betsy (night) | G20: Betsy | I20: Betsy (Night) | K20: Betsy (All new) | M20: Betsy (All New)
A21: Haboubi | C21: Haboubi | E21: Haboubi | G21: Haboubi (Night) | I21: Haboubi | K21: Haboubi | M21: Haboubi
A22: =M14+1 -> 45544 | C22: =A22+1 -> 45545 | E22: =C22+1 -> 45546 | G22: =E22+1 -> 45547 | I22: =G22+1 -> 45548 | K22: =I22+1 -> 45549 | M22: =K22+1 -> 45550
A23: Liu | C23: Liu | E23: Liu | G23: Liu | I23: Ander/Remmel | K23: Ander | M23: Ander
A24: Brown | C24: Brown | E24: Brown | G24: Brown | I24: Holiday | K24: Holiday | M24: Holiday
A25: Ander | C25: Ander | E25: Ander | G25: Ander | I25: Remmel | K25: Remmel/Ander | M25: Remmel/Ander
A26: Liu | C26: Liu | E26: Liu | G26: Ding | I26: Abecassis | K26: Abecassis | M26: Abecassis
A27: Sagi | C27: Sagi | E27: Sagi | G27: Sagi | I27: Sagi | K27: Sagi | M27: Sagi
A28: Kari (Night) | C28: Kari | E28: Betsy (Night) | G28: Kari | I28: Kari (night) | K28: Kari | M28: Kari
A29: Haboubi | C29: Haboubi (night) | E29: Haboubi | G29: Haboubi (night) | I29: Haboubi | K29: Haboubi (All New) | M29: Haboubi (All New)
A30: =M22+1 -> 45551 | C30: =A30+1 -> 45552 | E30: =C30+1 -> 45553 | G30: =E30+1 -> 45554 | I30: =G30+1 -> 45555 | K30: =I30+1 -> 45556 | M30: =K30+1 -> 45557
A31: Ander/Remmel | C31: Ander | E31: Ander | G31: Ander | I31: Haboubi/Haboubi | K31: Haboubi | M31: Haboubi/Ander
A32: Holiday | C32: Holiday | E32: Holiday | G32: Holiday | I32: Hedera | K32: Hedera | M32: Hedera
A33: Brown | C33: Brown | E33: Brown | G33: Brown | I33: Hernandez | K33: Hernandez/Haboubi | M33: Hernandez/Haboubi
A34: Ding | C34: Ding | E34: Liu | G34: Ding | I34: Ding | K34: Ding | M34: Ding
A35: Shafer | C35: Shafer | E35: Shafer | G35: Shafer | I35: Shafer | K35: Shafer | M35: Shafer
A36: Kari (Night) | C36: Kari (Night) | E36: Betsy | G36: Betsy | I36: Betsy | K36: Betsy | M36: Betsy
A37: Pham | C37: Pham | E37: Pham (Night) | G37: Pham (Night) | I37: Pham (Night) | K37: Pham (All New) | M37: Pham (All New)
A38: =IF(M30="","",IF(MONTH(M30+1)<>MONTH($A$1),"",M30+1)) -> 45558 | C38: =IF(A38="","",IF(MONTH(A38+1)<>MONTH($A$1),"",A38+1)) -> 45559 | E38: =IF(C38="","",IF(MONTH(C38+1)<>MONTH($A$1),"",C38+1)) -> 45560 | G38: =IF(E38="","",IF(MONTH(E38+1)<>MONTH($A$1),"",E38+1)) -> 45561 | I38: =IF(G38="","",IF(MONTH(G38+1)<>MONTH($A$1),"",G38+1)) -> 45562 | K38: =IF(I38="","",IF(MONTH(I38+1)<>MONTH($A$1),"",I38+1)) -> 45563 | M38: =IF(K38="","",IF(MONTH(K38+1)<>MONTH($A$1),"",K38+1)) -> 45564
A39: Haboubi/Ander | C39: Haboubi | E39: Haboubi | G39: Haboubi
A40: Hedera | C40: Hedera | E40: Hedera | G40: Hedera
A41: Ander | C41: Sagi | E41: Sagi | G41: Sagi
A42: Abecassis | C42: Abecassis | E42: Abecassis | G42: Abecassis
A43: Evans | C43: Evans | E43: Evans | G43: Evans
A44: Betsy (Night) | C44: Kari (Night) | E44: Betsy | G44: Kari (Night)
A45: Pham | C45: Pham | E45: Pham | G45: Pham
A46: =IF(M38="","",IF(MONTH(M38+1)<>MONTH($A$1),"",M38+1)) -> 45565 | C46: =IF(A46="","",IF(MONTH(A46+1)<>MONTH($A$1),"",A46+1)) | E46: Notes:
E47: Shafer-September 27-30, Ander-September 7-12, Robertson- 29, 30, Hedera-14
E48: Remmel-September 22-27
E49: Pham 13-17
E53: © 2011-2019 by Vertex42.com. Free to print. | I53: =HYPERLINK("https://www.vertex42.com/calendars/academic-calendar.html","https://www.vertex42.com/calendars/academic-calendar.html") -> https://www.vertex42.com/calendars/academic-calendar.html

Sheet Oct2021
A1: =EDATE('©'!A17,15) -> 45566
A2: Neurology Call Schedule
A3: ULH Stroke | C3: ULH General | E3: Jewish | G3: IR | I3: EMU | K3: Jasper/TRH/JS | M3: Good Sam
A4: =UPPER(TEXT(A1,"mmmm yyyy")) -> OCTOBER 2024
A5: =A14 -> 45572 | C5: =C14 -> 45573 | E5: =E14 -> 45574 | G5: =G14 -> 45575 | I5: =I14 -> 45576 | K5: =K14 -> 45577 | M5: =M14 -> 45578
A6: =IF(WEEKDAY($A$1,1)=startday,$A$1,"") | C6: =IF(A6="",IF(WEEKDAY($A$1,1)=MOD(startday,7)+1,$A$1,""),A6+1) -> 45566 | E6: =IF(C6="",IF(WEEKDAY($A$1,1)=MOD(startday,7)+2,$A$1,""),C6+1) -> 45567 | G6: =IF(E6="",IF(WEEKDAY($A$1,1)=MOD(startday,7)+3,$A$1,""),E6+1) -> 45568 | I6: =IF(G6="",IF(WEEKDAY($A$1,1)=MOD(startday,7)+4,$A$1,""),G6+1) -> 45569 | K6: =IF(I6="",IF(WEEKDAY($A$1,1)=MOD(startday,7)+5,$A$1,""),I6+1) -> 45570 | M6: =IF(K6="",IF(WEEKDAY($A$1,1)=MOD(startday+5,7)+1,$A$1,""),K6+1) -> 45571
I7: Liu/Remmel | K7: Liu/Remmel | M7: Liu/Remmel
I8: Robertson | K8: Robertson | M8: Robertson
I9: Ander | K9: Ander/Remmel | M9: Ander/Remmel
I10: Abecassis | K10: Abecassis | M10: Abecassis
I11: Evans | K11: Evans | M11: Evans
I12: Kari (Night) | K12: Kari (All New) | M12: Kari (All New)
I13: Haboubi | K13: Haboubi | M13: Haboubi
A14: =M6+1 -> 45572 | C14: =A14+1 -> 45573 | E14: =C14+1 -> 45574 | G14: =E14+1 -> 45575 | I14: =G14+1 -> 45576 | K14: =I14+1 -> 45577 | M14: =K14+1 -> 45578
A15: Liu/Remmel | C15: Liu/Remmel | E15: Liu/Ander | G15: Liu/Remmel | I15: Liu/Remmel | K15: Liu/Remmel | M15: Liu/Remmel
A16: Robertson | C16: Robertson | E16: Robertson | G16: Robertson | I16: Robertson | K16: Shafer | M16: Shafer
A17: Ander/Remmel | C17: Ander | E17: Ander | G17: Ander | I17: Ander/Remmel | K17: Sagi/Haboubi | M17: Sagi/Haboubi
A18: Abecassis | C18: Ding | E18: Ding | G18: Liu | I18: Liu | K18: Liu | M18: Liu
A19: Palade | C19: Palade | E19: Palade | G19: Palade | I19: Palade | K19: Palade | M19: Palade
A20: Kari (Night) | C20: Kari (Night) | E20: Kari | G20: Kari (Night) | I20: Kari (All New Day) | K20: Betsy | M20: Betsy
A21: Haboubi | C21: Haboubi | E21: Haboubi (Night) | G21: Haboubi | I21: Haboubi (Night) | K21: Haboubi (All New) | M21: Haboubi (All New)
A22: =M14+1 -> 45579 | C22: =A22+1 -> 45580 | E22: =C22+1 -> 45581 | G22: =E22+1 -> 45582 | I22: =G22+1 -> 45583 | K22: =I22+1 -> 45584 | M22: =K22+1 -> 45585
A23: Liu/Ander | C23: Liu | E23: Liu | G23: Liu | I23: Ander/Haboubi | K23: Ander | M23: Ander
A24: Shafer | C24: Shafer | E24: Shafer | G24: Shafer | I24: Holiday | K24: Holiday | M24: Holiday
A25: Brown | C25: Brown | E25: Brown | G25: Brown | I25: Hernandez | K25: Hernandez/Ander | M25: Hernandez/Ander
A26: Liu | C26: Abecassis | E26: Abecassis | G26: Abecassis | I26: Abecassis | K26: Abecassis | M26: Abecassis
A27: Sagi | C27: Sagi | E27: Sagi | G27: Sagi | I27: Sagi | K27: Sagi | M27: Sagi
A28: Betsy (Night) | C28: Betsy | E28: Betsy (Night) | G28: Betsy | I28: Betsy | K28: Kari | M28: Kari
A29: Haboubi | C29: Haboubi (Night) | E29: Haboubi | G29: Haboubi (Night) | I29: Haboubi/Elnazeir (Night) | K29: Elnazeir (All New) | M29: Elnazeir (All New)
A30: =M22+1 -> 45586 | C30: =A30+1 -> 45587 | E30: =C30+1 -> 45588 | G30: =E30+1 -> 45589 | I30: =G30+1 -> 45590 | K30: =I30+1 -> 45591 | M30: =K30+1 -> 45592
A31: Ander/Haboubi | C31: Ander | E31: Ander | G31: Ander | I31: Haboubi | K31: Haboubi | M31: Haboubi
A32: Holiday | C32: Holiday | E32: Holiday | G32: Holiday | I32: Wang | K32: Wang | M32: Wang
A33: Sagi | C33: Sagi | E33: Sagi | G33: Sagi | I33: Sagi | K33: Elnazeir | M33: Sagi
A34: Liu | C34: Liu | E34: Liu | G34: Ding | I34: Ding | K34: Ding | M34: Ding
A35: Shafer | C35: Shafer | E35: Shafer | G35: Shafer | I35: Shafer | K35: Shafer | M35: Shafer
A36: Betsy (Night) | C36: Kari (Night) | E36: Betsy (Night) | G36: Kari (Night) | I36: Kari | K36: Betsy (All New) | M36: Betsy (All New)
A37: Pham | C37: Pham | E37: Pham | G37: Pham | I37: Pham (Night) | K37: Pham | M37: Pham
A38: =IF(M30="","",IF(MONTH(M30+1)<>MONTH($A$1),"",M30+1)) -> 45593 | C38: 26 | E38: 27 | G38: 28 | I38: 29 | K38: 30 | M38: 31
A39: Haboubi/Ander | C39: Haboubi | E39: Haboubi/Ander | G39: Haboubi | I39: Liu | K39: Liu | M39: Liu
A40: Wang | C40: Wang | E40: Wang | G40: Wang | I40: Brown | K40: Brown | M40: Brown
A41: Ander | C41: Ander | E41: Ander | G41: Ander | I41: Ander | K41: Sagi/Remmel | M41: Elnazeir/Remmel
A42: Ding | C42: Liu | E42: Liu | G42: Liu | I42: Ding | K42: Ding | M42: Ding
A43: Sagi | C43: Sagi | E43: Sagi | G43: Sagi | I43: Sagi | K43: Sagi | M43: Sagi
A44: Betsy (Night) | C44: Betsy | E44: Betsy | G44: Betsy | I44: Betsy | K44: Kari | M44: Kari
A45: Pham | C45: Pham (Night) | E45: Pham (Night) | G45: Pham (Night) | I45: Pham (Night) | K45: Pham (All New) | M45: Pham (All New)
A46: =IF(M38="","",IF(MONTH(M38+1)<>MONTH($A$1),"",M38+1)) | C46: =IF(A46="","",IF(MONTH(A46+1)<>MONTH($A$1),"",A46+1)) | E46: Notes:
E47: Pham-1-6, Wang-4-13, Betsy 1-8, Sowell-10/15, 10/29- 11/1
E48: Robertson-25-29
E49: Robertson-11
E53: © 2011-2019 by Vertex42.com. Free to print. | I53: =HYPERLINK("https://www.vertex42.com/calendars/academic-calendar.html","https://www.vertex42.com/calendars/academic-calendar.html") -> https://www.vertex42.com/calendars/academic-calendar.html

Sheet Nov2021
A1: =EDATE('©'!A17,16) -> 45597
A3: ULH Stroke | C3: ULH General | E3: Jewish | G3: IR | I3: EMU | K3: Jasper/TRH/JS | M3: Good Sam
A4: =UPPER(TEXT(A1,"mmmm yyyy")) -> NOVEMBER 2024
A5: =A14 -> 45600 | C5: =C14 -> 45601 | E5: =E14 -> 45602 | G5: =G14 -> 45603 | I5: =I14 -> 45604 | K5: =K14 -> 45605 | M5: =M14 -> 45606
A6: =IF(WEEKDAY($A$1,1)=startday,$A$1,"") | C6: =IF(A6="",IF(WEEKDAY($A$1,1)=MOD(startday,7)+1,$A$1,""),A6+1) | E6: =IF(C6="",IF(WEEKDAY($A$1,1)=MOD(startday,7)+2,$A$1,""),C6+1) | G6: =IF(E6="",IF(WEEKDAY($A$1,1)=MOD(startday,7)+3,$A$1,""),E6+1) | I6: =IF(G6="",IF(WEEKDAY($A$1,1)=MOD(startday,7)+4,$A$1,""),G6+1) -> 45597 | K6: =IF(I6="",IF(WEEKDAY($A$1,1)=MOD(startday,7)+5,$A$1,""),I6+1) -> 45598 | M6: =IF(K6="",IF(WEEKDAY($A$1,1)=MOD(startday+5,7)+1,$A$1,""),K6+1) -> 45599
A7: Liu | C7: Liu | E7: Liu | G7: Ander | I7: Ander | K7: Ander/Remmel | M7: Ander
A8: Brown | C8: Brown | E8: Brown | G8: Brown | I8: Robertson | K8: Shafer | M8: Shafer
A9: Sagi | C9: Sagi | E9: Sagi | G9: Sagi | I9: Sagi | K9: Sagi | M9: Sagi
A10: Ding | C10: Ding | E10: Ding | G10: Ding | I10: Ding | K10: Ding | M10: Ding
A11: Shafer | C11: Shafer | E11: Shafer | G11: Shafer | I11: Shafer | K11: Shafer | M11: Shafer
A12: Kari | C12: Kari | E12: Betsy/Marwa (night) | G12: Kari | I12: Betsy/Marwa (Night) | K12: Betsy (All New) | M12: Betsy (All New)
A13: Haboubi (Night) | C13: Haboubi (Night) | E13: Haboubi | G13: Haboubi (Night) | I13: Haboubi | K13: Pham | M13: Pham
A14: =M6+1 -> 45600 | C14: =A14+1 -> 45601 | E14: =C14+1 -> 45602 | G14: =E14+1 -> 45603 | I14: =G14+1 -> 45604 | K14: =I14+1 -> 45605 | M14: =K14+1 -> 45606
A15: Ander/Haboubi | C15: Ander | E15: Ander/Remmel | G15: Ander | I15: Haboubi/Elnazeir | K15: Haboubi | M15: Haboubi
A16: Robertson | C16: Robertson | E16: Robertson | G16: Robertson | I16: Hedera | K16: Hedera | M16: Hedera
A17: Brown | C17: Brown | E17: Brown | G17: Brown | I17: Brown | K17: Hernandez | M17: Hernandez
A18: Ding | C18: Abecassis | E18: Abecassis | G18: Abecassis | I18: Abecassis | K18: Abecassis | M18: Abecassis
A19: Palade | C19: Palade | E19: Palade | G19: Palade | I19: Palade | K19: Palade | M19: Palade
A20: Betsy (Night) | C20: Betsy/Kari (night) | E20: Betsy/Jones (Night) | G20: Betsy/Jones (Night) | I20: Kari (Night) | K20: Kari | M20: Kari
A21: Pham | C21: Pham | E21: Pham | G21: Pham | I21: Pham | K21: Pham (All New) | M21: Pham (All New)
A22: =M14+1 -> 45607 | C22: =A22+1 -> 45608 | E22: =C22+1 -> 45609 | G22: =E22+1 -> 45610 | I22: =G22+1 -> 45611 | K22: =I22+1 -> 45612 | M22: =K22+1 -> 45613
A23: Haboubi/Ander | C23: Haboubi | E23: Haboubi/Ander | G23: Haboubi | I23: Liu/Ander | K23: Liu/Ander | M23: Liu/Ander
A24: Hedera | C24: Hedera | E24: Hedera | G24: Hedera | I24: Palade | K24: Palade | M24: Palade
A25: Sagi | C25: Remmel | E25: Remmel | G25: Remmel | I25: Remmel | K25: Remmel | M25: Remmel
A26: Abecassis | C26: Abecassis | E26: Abecassis | G26: Abecassis | I26: Liu | K26: Liu | M26: Liu
A27: Sagi | C27: Sagi | E27: Sagi | G27: Sagi | I27: Sagi | K27: Sagi | M27: Sagi
A28: Nancy Ashley | C28: Nancy Ashley | E28: Nancy Ashley | G28: Nancy Ashley | I28: Nancy Ashley | K28: Nancy Ashley | M28: Nancy Ashley
A29: Pham (Night) | C29: Pham (Night) | E29: Pham (Night) | G29: Pham (Night) | I29: Pham/Haboubi (Night) | K29: Haboubi (All New) | M29: Haboubi (All New)
A30: =M22+1 -> 45614 | C30: =A30+1 -> 45615 | E30: =C30+1 -> 45616 | G30: =E30+1 -> 45617 | I30: =G30+1 -> 45618 | K30: =I30+1 -> 45619 | M30: =K30+1 -> 45620
A31: Liu/Remmel | C31: Liu/Remmel | E31: Liu/Remmel | G31: Liu/Remmel | I31: Liu/Remmel | K31: Liu/Remmel | M31: Liu/Remmel
A32: Palade | C32: Palade | E32: Palade | G32: Palade | I32: Robertson | K32: Robertson | M32: Robertson
A33: Ander | C33: Ander | E33: Ander | G33: Ander | I33: Ander | K33: Ander/Remmel | M33: Ander/Remmel
A34: Liu | C34: Liu | E34: Liu | G34: Liu | I34: Liu | K34: Liu | M34: Liu
A35: Shafer | C35: Shafer | E35: Shafer | G35: Shafer | I35: Palade | K35: Palade | M35: Shafer
A36: Betsy (Night) | C36: Betsy | E36: Betsy (Night) | G36: Kari (All New) | I36: Kari (Night) | K36: Kari | M36: Kari (All New)
A37: Haboubi | C37: Haboubi (Night) | E37: Haboubi | G37: Haboubi | I37: Haboubi | K37: Jones (All New) | M37: Haboubi
A38: =IF(M30="","",IF(MONTH(M30+1)<>MONTH($A$1),"",M30+1)) -> 45621 | C38: =IF(A38="","",IF(MONTH(A38+1)<>MONTH($A$1),"",A38+1)) -> 45622 | E38: =IF(C38="","",IF(MONTH(C38+1)<>MONTH($A$1),"",C38+1)) -> 45623 | G38: =IF(E38="","",IF(MONTH(E38+1)<>MONTH($A$1),"",E38+1)) -> 45624 | I38: =IF(G38="","",IF(MONTH(G38+1)<>MONTH($A$1),"",G38+1)) -> 45625 | K38: =IF(I38="","",IF(MONTH(I38+1)<>MONTH($A$1),"",I38+1)) -> 45626 | M38: =IF(K38="","",IF(MONTH(K38+1)<>MONTH($A$1),"",K38+1))
A39: Liu/Elnazeir | C39: Liu
A40: Shafer | C40: Shafer
A41: Sagi | C41: Sagi
A42: Ding | C42: Ding
A43: Palade | C43: Palade
A44: Kari (Night) | C44: Kari (Night)
A45: Pham | C45: Pham
A46: =IF(M38="","",IF(MONTH(M38+1)<>MONTH($A$1),"",M38+1)) | C46: =IF(A46="","",IF(MONTH(A46+1)<>MONTH($A$1),"",A46+1)) | E46: Notes:
E47: Robertson-15, Hernandez-18-30
E48: Kari/Betsy Conference
E49: Pham-22-25
E53: © 2011-2019 by Vertex42.com. Free to print. | I53: =HYPERLINK("https://www.vertex42.com/calendars/academic-calendar.html","https://www.vertex42.com/calendars/academic-calendar.html") -> https://www.vertex42.com/calendars/academic-calendar.html

Sheet Dec2021
A1: =EDATE('©'!A17,17) -> 45627
A2: Neurology Call Schedule
A3: ULH Stroke | C3: ULH General | E3: Jewish | G3: IR | I3: EMU | K3: Jasper/TRH/JS | M3: Good Sam
A4: =UPPER(TEXT(A1,"mmmm yyyy")) -> DECEMBER 2024
A5: =A14 -> 45628 | C5: =C14 -> 45629 | E5: =E14 -> 45630 | G5: =G14 -> 45631 | I5: =I14 -> 45632 | K5: =K14 -> 45633 | M5: =M14 -> 45634
A6: =IF(WEEKDAY($A$1,1)=startday,$A$1,"") | C6: =IF(A6="",IF(WEEKDAY($A$1,1)=MOD(startday,7)+1,$A$1,""),A6+1) | E6: =IF(C6="",IF(WEEKDAY($A$1,1)=MOD(startday,7)+2,$A$1,""),C6+1) | G6: =IF(E6="",IF(WEEKDAY($A$1,1)=MOD(startday,7)+3,$A$1,""),E6+1) | I6: =IF(G6="",IF(WEEKDAY($A$1,1)=MOD(startday,7)+4,$A$1,""),G6+1) | K6: =IF(I6="",IF(WEEKDAY($A$1,1)=MOD(startday,7)+5,$A$1,""),I6+1) | M6: =IF(K6="",IF(WEEKDAY($A$1,1)=MOD(startday+5,7)+1,$A$1,""),K6+1) -> 45627
E7: Liu/Haboubi | G7: Liu/Haboubi? | I7: Haboubi/Remmel | K7: Haboubi | M7: Haboubi
E8: Shafer | G8: Shafer | I8: Shafer | K8: Shafer | M8: Shafer
E9: Ander | G9: Ander | I9: Ander/Remmel | K9: Remmel | M9: Remmel
E10: Ding | G10: Ding | I10: Abecassis | K10: Abecassis | M10: Abecassis
E11: Palade | G11: Palade | I11: Palade | K11: Palade | M11: Palade
E12: Betsy (Night) | G12: Kari | I12: Kari (All) | K12: Kari (All) | M12: Kari (All)
E13: Pham | G13: Pham (Night) | I13: Pham | K13: Pham | M13: Pham
A14: =M6+1 -> 45628 | C14: =A14+1 -> 45629 | E14: =C14+1 -> 45630 | G14: =E14+1 -> 45631 | I14: =G14+1 -> 45632 | K14: =I14+1 -> 45633 | M14: =K14+1 -> 45634
A15: Haboubi/Ander | C15: Haboubi | E15: Haboubi/Ander | G15: Haboubi | I15: Ander/Haboubi | K15: Ander | M15: Ander
A16: Robertson | C16: Robertson | E16: Robertson | G16: Robertson | I16: Brown | K16: Brown | M16: Brown
A17: Ander | C17: Ander | E17: Ander | G17: Ander | I17: Sagi | K17: Elnazeir | M17: Elnazeir
A18: Abecassis | C18: Abecassis | E18: Abecassis | G18: Abecassis | I18: Liu | K18: Liu | M18: Liu
A19: Shafer | C19: Shafer | E19: Shafer | G19: Shafer | I19: Shafer | K19: Shafer | M19: Shafer
A20: Kari | C20: Kari | E20: Betsy (Night) | G20: Betsy | I20: Betsy (All) | K20: Betsy (All) | M20: Betsy (All)
A21: Jones (Night) | C21: Jones (Night) | E21: Jones | G21: Jones (Night) | I21: Jones | K21: Jones | M21: Jones
A22: =M14+1 -> 45635 | C22: =A22+1 -> 45636 | E22: =C22+1 -> 45637 | G22: =E22+1 -> 45638 | I22: =G22+1 -> 45639 | K22: =I22+1 -> 45640 | M22: =K22+1 -> 45641
A23: Ander/Haboubi | C23: Ander | E23: Liu/Remmel | G23: Liu/Remmel | I23: Liu/Remmel | K23: Liu/Remmel | M23: Liu/Remmel
A24: Brown | C24: Brown | E24: Brown | G24: Brown | I24: Wang | K24: Wang | M24: Wang
A25: Sagi | C25: Sagi | E25: Sagi | G25: Sagi | I25: Holiday | K25: Marwa | M25: Marwa
A26: Liu | C26: Liu | E26: Liu | G26: Liu | I26: Liu | K26: Liu | M26: Liu
A27: Evans | C27: Evans | E27: Evans | G27: Evans | I27: Evans | K27: Evans | M27: Evans
A28: Betsy | C28: Betsy | E28: Betsy | G28: Kari | I28: Kari | K28: Kari | M28: Kari
A29: Haboubi/Jones (night) | C29: Haboubi/Jones (night) | E29: Haboubi (Night) | G29: Haboubi (Night) | I29: Haboubi/Jones (night) | K29: Jones (All New) | M29: Jones (All New)/Haboubi night
A30: =M22+1 -> 45642 | C30: =A30+1 -> 45643 | E30: =C30+1 -> 45644 | G30: =E30+1 -> 45645 | I30: =G30+1 -> 45646 | K30: =I30+1 -> 45647 | M30: =K30+1 -> 45648
A31: Liu/Ander | C31: Liu | E31: Ander/Elnazeir | G31: Ander | I31: Ander | K31: Ander | M31: Haboubi
A32: Wang | C32: Wang | E32: Wang | G32: Wang | I32: Holiday | K32: Holiday | M32: Holiday
A33: Remmel | C33: Remmel | E33: Sagi | G33: Sagi | I33: Sagi | K33: Sagi | M33: Sagi
A34: Liu | C34: Ding | E34: Ding | G34: Ding | I34: Ding | K34: Ding | M34: Ding
A35: Palade | C35: Palade | E35: Palade | G35: Palade | I35: Palade | K35: Palade | M35: Palade
A36: Kari (Night) | C36: Kari (Night) | E36: Kari | G36: Kari | I36: Betsy | K36: Betsy | M36: Betsy
A37: Pham | C37: Pham | E37: Pham (Night) | G37: Pham (Night) | I37: Pham (Night) | K37: Pham (All) | M37: Pham (All)
A38: =IF(M30="","",IF(MONTH(M30+1)<>MONTH($A$1),"",M30+1)) -> 45649 | C38: =IF(A38="","",IF(MONTH(A38+1)<>MONTH($A$1),"",A38+1)) -> 45650 | E38: =IF(C38="","",IF(MONTH(C38+1)<>MONTH($A$1),"",C38+1)) -> 45651 | G38: =IF(E38="","",IF(MONTH(E38+1)<>MONTH($A$1),"",E38+1)) -> 45652 | I38: =IF(G38="","",IF(MONTH(G38+1)<>MONTH($A$1),"",G38+1)) -> 45653 | K38: =IF(I38="","",IF(MONTH(I38+1)<>MONTH($A$1),"",I38+1)) -> 45654 | M38: =IF(K38="","",IF(MONTH(K38+1)<>MONTH($A$1),"",K38+1)) -> 45655
A39: Haboubi | C39: Haboubi | E39: Haboubi/Elnazeir | G39: Haboubi | I39: Haboubi/Remmel
A40: Holiday | C40: Holiday | E40: Holiday | G40: Holiday | I40: Hedera
A41: Sagi | C41: Remmel | E41: Remmel | G41: Hernandez | I41: Hernandez
A42: Ding | C42: Ding | E42: Abecassis | G42: Abecassis | I42: Abecassis
A43: Shafer | C43: Shafer | E43: Shafer | G43: Shafer | I43: Shafer
A44: Betsy (Night) | C44: Betsy | E44: Betsy (Night) | G44: Betsy/Kari (night) | I44: Kari (Night)
A45: Pham | C45: Pham (Night) | E45: Pham | G45: Pham | I45: Pham
A46: =IF(M38="","",IF(MONTH(M38+1)<>MONTH($A$1),"",M38+1)) -> 45656 | C46: =IF(A46="","",IF(MONTH(A46+1)<>MONTH($A$1),"",A46+1)) -> 45657 | E46: Notes:
E47: Shafer-20-26, Hernandez- 1-10, Palade 27-31
E48: Sagi-Dec. 28-January 2
E49: Sowell-24th-January 3
E53: © 2011-2019 by Vertex42.com. Free to print. | I53: =HYPERLINK("https://www.vertex42.com/calendars/academic-calendar.html","https://www.vertex42.com/calendars/academic-calendar.html") -> https://www.vertex42.com/calendars/academic-calendar.html

Sheet Jan2022
A1: =EDATE('©'!A17,18) -> 45658 | K1: (c) 2011 Vertex42 LLC
A2: Neurology Call Schedule
A3: ULH Stroke | C3: ULH General | E3: Jewish | G3: IR | I3: EMU | K3: Jasper/TRH/JS | M3: Good Sam
A4: =UPPER(TEXT(A1,"mmmm yyyy")) -> JANUARY 2025
A5: =A14 -> 45663 | C5: =C14 -> 45664 | E5: =E14 -> 45665 | G5: =G14 -> 45666 | I5: =I14 -> 45667 | K5: =K14 -> 45668 | M5: =M14 -> 45669
A6: =IF(WEEKDAY($A$1,1)=startday,$A$1,"") | C6: =IF(A6="",IF(WEEKDAY($A$1,1)=MOD(startday,7)+1,$A$1,""),A6+1) | E6: =IF(C6="",IF(WEEKDAY($A$1,1)=MOD(startday,7)+2,$A$1,""),C6+1) -> 45658 | G6: =IF(E6="",IF(WEEKDAY($A$1,1)=MOD(startday,7)+3,$A$1,""),E6+1) -> 45659 | I6: =IF(G6="",IF(WEEKDAY($A$1,1)=MOD(startday,7)+4,$A$1,""),G6+1) -> 45660 | K6: =IF(I6="",IF(WEEKDAY($A$1,1)=MOD(startday,7)+5,$A$1,""),I6+1) -> 45661 | M6: =IF(K6="",IF(WEEKDAY($A$1,1)=MOD(startday+5,7)+1,$A$1,""),K6+1) -> 45662
K7: Remmel/Marwa | M7: Remmel/Marwa
K8: Hedera | M8: Hedera
K9: Elnazeir | M9: Elnazeir
K10: Abecassis | M10: Abecassis
K11: Shafer | M11: Shafer
K12: Kari | M12: Kari
K13: Jones (All new) | M13: Haboubi (All new)
A14: =M6+1 -> 45663 | C14: =A14+1 -> 45664 | E14: =C14+1 -> 45665 | G14: =E14+1 -> 45666 | I14: =G14+1 -> 45667 | K14: =I14+1 -> 45668 | M14: =K14+1 -> 45669
A15: Liu/Haboubi | C15: Liu/Remmel | E15: Liu/Haboubi | G15: Ander | I15: Ander/Liu | K15: Ander | M15: Ander
A16: Hedera | C16: Hedera | E16: Hedera | G16: Hedera | I16: Robertson | K16: Robertson | M16: Robertson
A17: Brown | C17: Brown | E17: Brown | G17: Brown | I17: Brown | K17: Remmel | M17: Remmel
A18: Liu | C18: Liu | E18: Liu | G18: Liu | I18: Liu | K18: Liu | M18: Liu
A19: Palade | C19: Palade | E19: Palade | G19: Palade | I19: Palade | K19: Palade | M19: Palade
A20: Kari (Night) | C20: Kari (Night) | E20: Betsy (Night) | G20: Kari | I20: Kari (Night) | K20: Kari (All new) | M20: Kari (All new)
A21: Haboubi | C21: Nancy Ashley | E21: Nancy Ashley | G21: Haboubi (all new) | I21: Haboubi | K21: Haboubi | M21: Haboubi
A22: =M14+1 -> 45670 | C22: =A22+1 -> 45671 | E22: =C22+1 -> 45672 | G22: =E22+1 -> 45673 | I22: =G22+1 -> 45674 | K22: =I22+1 -> 45675 | M22: =K22+1 -> 45676
A23: Ander/Haboubi | C23: Ander | E23: Ander/Haboubi | G23: Ander | I23: Haboubi | K23: Haboubi | M23: Haboubi/Ander
A24: Robertson | C24: Robertson | E24: Robertson | G24: Robertson | I24: Shafer | K24: Shafer | M24: Shafer
A25: Remmel | C25: Remmel | E25: Remmel | G25: Remmel | I25: Remmel | K25: Hernandez | M25: Hernandez
A26: Ding | C26: Ding | E26: Ding | G26: Ding | I26: Ding | K26: Ding | M26: Ding
A27: Evans | C27: Evans | E27: Evans | G27: Evans | I27: Evans | K27: Evans | M27: Evans
A28: Betsy | C28: Betsy | E28: Betsy (Night) | G28: Betsy | I28: Betsy | K28: Betsy | M28: Betsy
A29: Pham(Night) | C29: Pham (Night) | E29: Pham | G29: Pham (Night) | I29: Pham (all new) | K29: Pham (all new) | M29: Pham (all new)
A30: =M22+1 -> 45677 | C30: =A30+1 -> 45678 | E30: =C30+1 -> 45679 | G30: =E30+1 -> 45680 | I30: =G30+1 -> 45681 | K30: =I30+1 -> 45682 | M30: =K30+1 -> 45683
A31: Haboubi/Marwa | C31: Haboubi | E31: Haboubi/Marwa | G31: Haboubi | I31: Liu/Ander | K31: Liu | M31: Liu
A32: Shafer | C32: Shafer | E32: Shafer | G32: Shafer | I32: Wang | K32: Wang | M32: Wang
A33: Ander/Marwa | C33: Ander | E33: Ander | G33: Ander | I33: Ander | K33: Ander | M33: Ander
A34: Liu | C34: Ding | E34: Ding | G34: Abecassis | I34: Abecassis | K34: Abecassis | M34: Abecassis
A35: Palade | C35: Palade | E35: Palade | G35: Palade | I35: Shafer | K35: Shafer | M35: Shafer
A36: Kari (Night) | C36: Kari (Night) | E36: Betsy (Night) | G36: Kari | I36: Kari | K36: Kari | M36: Kari
A37: Pham | C37: Pham | E37: Pham | G37: Pham (Night) | I37: Pham/Jones (all new-night) | K37: Jones (all new) | M37: Jones (all new)
A38: =IF(M30="","",IF(MONTH(M30+1)<>MONTH($A$1),"",M30+1)) -> 45684 | C38: =IF(A38="","",IF(MONTH(A38+1)<>MONTH($A$1),"",A38+1)) -> 45685 | E38: =IF(C38="","",IF(MONTH(C38+1)<>MONTH($A$1),"",C38+1)) -> 45686 | G38: =IF(E38="","",IF(MONTH(E38+1)<>MONTH($A$1),"",E38+1)) -> 45687 | I38: =IF(G38="","",IF(MONTH(G38+1)<>MONTH($A$1),"",G38+1)) -> 45688 | K38: =IF(I38="","",IF(MONTH(I38+1)<>MONTH($A$1),"",I38+1)) | M38: =IF(K38="","",IF(MONTH(K38+1)<>MONTH($A$1),"",K38+1))
A39: Liu | C39: Liu | E39: Liu | G39: Liu | I39: Liu | K39: Liu | M39: Liu
A40: Wang | C40: Wang | E40: Wang | G40: Wang | I40: Holiday | K40: Holiday | M40: Holiday
A41: Brown | C41: Ander | E41: Ander | G41: Ander | I41: Ander | K41: Hernandez | M41: Hernandez
A42: Abecassis | C42: Abecassis | E42: Abecassis | G42: Abecassis | I42: Liu | K42: Liu | M42: Liu
A43: Shafer | C43: Shafer | E43: Shafer | G43: Shafer | I43: Shafer | K43: Shafer | M43: Shafer
A44: Kari (all new) | C44: Kari | E44: Betsy (all new) | G44: Betsy | I44: Betsy (all new) | K44: Betsy (all new) | M44: Betsy (all new)
A45: Haboubi | C45: Haboubi/Jones (Night) | E45: Haboubi/Jones (Night) | G45: Haboubi (Night) | I45: Haboubi | K45: Haboubi | M45: Haboubi
A46: =IF(M38="","",IF(MONTH(M38+1)<>MONTH($A$1),"",M38+1)) | C46: =IF(A46="","",IF(MONTH(A46+1)<>MONTH($A$1),"",A46+1)) | E46: Notes:
A47: Liu | E47: Holiday-3-7, Palade- 1-2
A48: Holiday | E48: Sagi-January 1-30
A49: Ander
A50: Liu
A51: Sagi
A52: Betsy
A53: Haboubi (Night) | E53: © 2011-2019 by Vertex42.com. Free to print. | I53: =HYPERLINK("https://www.vertex42.com/calendars/academic-calendar.html","https://www.vertex42.com/calendars/academic-calendar.html") -> https://www.vertex42.com/calendars/academic-calendar.html

Sheet June 2026
A1: =EDATE('©'!A17,35) -> 46174 | K1: (c) 2011 Vertex42 LLC
A2: Child Neurology Call Schedule
A3: General | C3: ICU | E3: CEEG/LTM EEG Reader | G3: EMU 1/Surgery/1st 5 Admission at NCH | I3: EMU2/Remaining NCH EMU patients/NWC EMU Patients | K3: Out of Office Clinic | M3: P2P
A4: =UPPER(TEXT(A1,"mmmm yyyy")) -> JUNE 2026
A5: =A15 -> 46181 | C5: =C15 -> 46182 | E5: =E15 -> 46183 | G5: =G15 -> 46184 | I5: =I15 -> 46185 | K5: =K15 -> 46186 | M5: =M15 -> 46187
A6: =IF(WEEKDAY($A$1,1)=startday,$A$1,"") -> 46174 | C6: =IF(A6="",IF(WEEKDAY($A$1,1)=MOD(startday,7)+1,$A$1,""),A6+1) -> 46175 | E6: =IF(C6="",IF(WEEKDAY($A$1,1)=MOD(startday,7)+2,$A$1,""),C6+1) -> 46176 | G6: =IF(E6="",IF(WEEKDAY($A$1,1)=MOD(startday,7)+3,$A$1,""),E6+1) -> 46177 | I6: =IF(G6="",IF(WEEKDAY($A$1,1)=MOD(startday,7)+4,$A$1,""),G6+1) -> 46178 | K6: =IF(I6="",IF(WEEKDAY($A$1,1)=MOD(startday,7)+5,$A$1,""),I6+1) -> 46179 | M6: =IF(K6="",IF(WEEKDAY($A$1,1)=MOD(startday+5,7)+1,$A$1,""),K6+1) -> 46180
A7: Lakhotia | C7: Lakhotia | E7: Lakhotia | G7: Lakhotia | I7: Lakhotia | K7: Lakhotia | M7: Lakhotia
A8: Marshall | C8: Marshall | E8: Marshall | G8: Marshall | I8: Marshall
A9: Shoup | C9: Shoup | E9: Shoup | G9: Shoup | I9: Shoup | K9: Shoup | M9: Shoup
A10: Karia | C10: Karia | E10: Karia | G10: Karia | I10: Karia
A13: Means | C13: Means | E13: Means | G13: Means | I13: Means | K13: Means | M13: Means
A14: Ravishankar | C14: Patel | E14: Raichur | G14: Danieli | I14: Lechtefeld | K14: Lechtefeld/Raichur | M14: Danieli
A15: =M6+1 -> 46181 | C15: =A15+1 -> 46182 | E15: =C15+1 -> 46183 | G15: =E15+1 -> 46184 | I15: =G15+1 -> 46185 | K15: =I15+1 -> 46186 | M15: =K15+1 -> 46187
A16: Hocker | C16: Hocker | E16: Hocker | G16: Hocker | I16: Hocker | K16: Hocker | M16: Hocker
A17: Doll | C17: Doll | E17: Doll | G17: Doll | I17: Doll
A18: Clements | C18: Clements | E18: Clements | G18: Clements | I18: Farber | K18: Farber | M18: Farber
A19: Sah | C19: Sah | E19: Sah | G19: Sah | I19: Sah
A22: Evans | C22: Evans | E22: Evans | G22: Evans | I22: Evans | K22: Evans | M22: Evans
A23: Benton | C23: Rozena | E23: Patel | G23: Lichtefeld | I23: Danieli | K23: Danieli/Hey | M23: Patel
A24: =M15+1 -> 46188 | C24: =A24+1 -> 46189 | E24: =C24+1 -> 46190 | G24: =E24+1 -> 46191 | I24: =G24+1 -> 46192 | K24: =I24+1 -> 46193 | M24: =K24+1 -> 46194
A25: Brock | C25: Brock | E25: Brock | G25: Brock | I25: Brock | K25: Means | M25: Means
A26: Means | C26: Means | E26: Means | G26: Means | I26: Means
A27: Barnes | C27: Barnes | E27: Barnes | G27: Barnes | I27: Barnes | K27: Barnes | M27: Barnes
A28: Shoup | C28: Shoup | E28: Shoup | G28: Shoup | I28: Shoup
A31: Rogers | C31: Rogers | E31: Rogers | G31: Rogers | I31: Rogers | K31: Rogers | M31: Rogers
A32: Lichtefeld | C32: Ravishankar | E32: Lechtefeld | G32: Danieli | I32: Ravishankar | K32: Ravishankar/Hey | M32: Patel
A33: =M24+1 -> 46195 | C33: =A33+1 -> 46196 | E33: =C33+1 -> 46197 | G33: =E33+1 -> 46198 | I33: =G33+1 -> 46199 | K33: =I33+1 -> 46200 | M33: =K33+1 -> 46201
A34: Brock | C34: Brock | E34: Brock | G34: Brock | I34: Brock | K34: Brock | M34: Brock
A35: Doll | C35: Doll | E35: Doll | G35: Doll | I35: Doll
A36: Farber | C36: Farber | E36: Farber | G36: Farber | I36: Clements | K36: Clements | M36: Clements
A37: Karia | C37: Karia | E37: Karia | G37: Karia | I37: Karia
A41: Rozena | C41: Lechtefeld | E41: Tison-Brandon | G41: Ravishankar | I41: Patel | K41: Patel | M41: Benton
A42: =IF(M33="","",IF(MONTH(M33+1)<>MONTH($A$1),"",M33+1)) -> 46202 | C42: =IF(A42="","",IF(MONTH(A42+1)<>MONTH($A$1),"",A42+1)) -> 46203 | E42: 1 | G42: 2 | I42: 3 | K42: 4 | M42: 5
A43: Barton | C43: Barton | E43: Barton | G43: Barton | I43: Barton | K43: Barton | M43: Barton
A44: Means | C44: Means | E44: Means | G44: Means | I44: Means
A45: Sah | C45: Sah | E45: Sah | G45: Sah | I45: Sah | K45: Sah | M45: Sah
A46: Karia | C46: Karia | E46: Karia | G46: Karia | I46: Karia
A50: Danieli | C50: Ravishankar
E51: Notes:
E58: © 2011-2019 by Vertex42.com. Free to print. | I58: =HYPERLINK("https://www.vertex42.com/calendars/academic-calendar.html","https://www.vertex42.com/calendars/academic-calendar.html") -> https://www.vertex42.com/calendars/academic-calendar.html

Sheet July 2026
A1: =EDATE('©'!A17,36) -> 46204 | K1: (c) 2011 Vertex42 LLC
A2: Child Neurology Call Schedule
A3: General | C3: ICU | E3: CEEG/LTM EEG Reader | G3: EMU 1/Surgery/1st 5 Admission at NCH | I3: EMU2/Remaining NCH EMU patients/NWC EMU Patients | K3: Out of Office Clinic | M3: P2P
A4: =UPPER(TEXT(A1,"mmmm yyyy")) -> JULY 2026
A5: =A15 -> 46209 | C5: =C15 -> 46210 | E5: =E15 -> 46211 | G5: =G15 -> 46212 | I5: =I15 -> 46213 | K5: =K15 -> 46214 | M5: =M15 -> 46215
A6: =IF(WEEKDAY($A$1,1)=startday,$A$1,"") | C6: =IF(A6="",IF(WEEKDAY($A$1,1)=MOD(startday,7)+1,$A$1,""),A6+1) | E6: =IF(C6="",IF(WEEKDAY($A$1,1)=MOD(startday,7)+2,$A$1,""),C6+1) -> 46204 | G6: =IF(E6="",IF(WEEKDAY($A$1,1)=MOD(startday,7)+3,$A$1,""),E6+1) -> 46205 | I6: =IF(G6="",IF(WEEKDAY($A$1,1)=MOD(startday,7)+4,$A$1,""),G6+1) -> 46206 | K6: =IF(I6="",IF(WEEKDAY($A$1,1)=MOD(startday,7)+5,$A$1,""),I6+1) -> 46207 | L6: 4th of July | M6: =IF(K6="",IF(WEEKDAY($A$1,1)=MOD(startday+5,7)+1,$A$1,""),K6+1) -> 46208
A7: Barton | C7: Barton | E7: Barton | G7: Barton | I7: Barton | K7: Barton | M7: Barton
A8: Means | C8: Means | E8: Means | G8: Means | I8: Means
A9: Sah | C9: Sah | E9: Sah | G9: Sah | I9: Sah | K9: Sah | M9: Sah
A10: Karia | C10: Karia | E10: Karia | G10: Karia | I10: Karia
A15: =M6+1 -> 46209 | C15: =A15+1 -> 46210 | E15: =C15+1 -> 46211 | G15: =E15+1 -> 46212 | I15: =G15+1 -> 46213 | K15: =I15+1 -> 46214 | M15: =K15+1 -> 46215
A16: Marshall | C16: Marshall | E16: Marshall | G16: Marshall | I16: Marshall | K16: Marshall | M16: Marshall
A17: Sweeney | C17: Sweeney | E17: Sweeney | G17: Sweeney | I17: Sweeney
A18: Jain | C18: Jain | E18: Jain | G18: Jain | I18: Jain | K18: Jain | M18: Jain
A19: Shoup | C19: Shoup | E19: Shoup | G19: Shoup | I19: Shoup
A24: =M15+1 -> 46216 | C24: =A24+1 -> 46217 | E24: =C24+1 -> 46218 | G24: =E24+1 -> 46219 | I24: =G24+1 -> 46220 | K24: =I24+1 -> 46221 | M24: =K24+1 -> 46222
A25: Puri | C25: Puri(Farber 5p-10p) | E25: Puri | G25: Puri | I25: Puri | K25: Puri | M25: Puri
A26: Means | C26: Means | E26: Means | G26: Means | I26: Means
A27: Farber | C27: Farber | E27: Farber | G27: Farber | I27: Farber | K27: Farber | M27: Farber
A28: Jain | C28: Jain | E28: Jain | G28: Jain | I28: Jain
A33: =M24+1 -> 46223 | C33: =A33+1 -> 46224 | E33: =C33+1 -> 46225 | G33: =E33+1 -> 46226 | I33: =G33+1 -> 46227 | K33: =I33+1 -> 46228 | M33: =K33+1 -> 46229
A34: Sweeney | C34: Sweeney | E34: Sweeney | G34: Sweeney | I34: Sweeney | K34: Sweeney | M34: Sweeney
A35: Singer | C35: Singer | E35: Singer | G35: Singer | I35: Singer
A36: Clements | C36: Clements | E36: Clements | G36: Clements | I36: Clements | K36: Clements | M36: Clements
A37: Sah | C37: Sah | E37: Sah | G37: Sah | I37: Sah
A42: =IF(M33="","",IF(MONTH(M33+1)<>MONTH($A$1),"",M33+1)) -> 46230 | C42: =IF(A42="","",IF(MONTH(A42+1)<>MONTH($A$1),"",A42+1)) -> 46231 | E42: =IF(C42="","",IF(MONTH(C42+1)<>MONTH($A$1),"",C42+1)) -> 46232 | G42: 30 | I42: 31
A43: Singer | C43: Singer | E43: Singer | G43: Singer | I43: Singer | K43: Singer | M43: Singer
A44: Sweeney | C44: Sweeney | E44: Sweeney | G44: Sweeney | I44: Sweeney
A45: Farber | C45: Farber | E45: Farber | G45: Farber | I45: Farber | K45: Farber | M45: Farber
A46: Marashly | C46: Marashly | E46: Marashly | G46: Marashly | I46: Marashly
E51: Notes:
E58: © 2011-2019 by Vertex42.com. Free to print. | I58: =HYPERLINK("https://www.vertex42.com/calendars/academic-calendar.html","https://www.vertex42.com/calendars/academic-calendar.html") -> https://www.vertex42.com/calendars/academic-calendar.html

Sheet August 2026
A1: =EDATE('©'!A17,37) -> 46235 | K1: (c) 2011 Vertex42 LLC
A2: Child Neurology Call Schedule
A3: General | C3: ICU | E3: CEEG/LTM EEG Reader | G3: EMU 1/Surgery/1st 5 Admission at NCH | I3: EMU2/Remaining NCH EMU patients/NWC EMU Patients | K3: Out of Office Clinic | M3: P2P
A4: =UPPER(TEXT(A1,"mmmm yyyy")) -> AUGUST 2026
A5: =A15 -> 46237 | C5: =C15 -> 46238 | E5: =E15 -> 46239 | G5: =G15 -> 46240 | I5: =I15 -> 46241 | K5: =K15 -> 46242 | M5: =M15 -> 46243
A6: =IF(WEEKDAY($A$1,1)=startday,$A$1,"") | C6: =IF(A6="",IF(WEEKDAY($A$1,1)=MOD(startday,7)+1,$A$1,""),A6+1) | E6: =IF(C6="",IF(WEEKDAY($A$1,1)=MOD(startday,7)+2,$A$1,""),C6+1) | G6: =IF(E6="",IF(WEEKDAY($A$1,1)=MOD(startday,7)+3,$A$1,""),E6+1) | I6: =IF(G6="",IF(WEEKDAY($A$1,1)=MOD(startday,7)+4,$A$1,""),G6+1) | K6: =IF(I6="",IF(WEEKDAY($A$1,1)=MOD(startday,7)+5,$A$1,""),I6+1) -> 46235 | M6: =IF(K6="",IF(WEEKDAY($A$1,1)=MOD(startday+5,7)+1,$A$1,""),K6+1) -> 46236
A7: Singer | C7: Singer | E7: Singer | G7: Singer | I7: Singer | K7: Singer | M7: Singer
A8: Sweeney | C8: Sweeney | E8: Sweeney | G8: Sweeney | I8: Sweeney
A9: Farber | C9: Farber | E9: Farber | G9: Farber | I9: Farber | K9: Farber | M9: Farber
A10: Marashly | C10: Marashly | E10: Marashly | G10: Marashly | I10: Marashly
A15: =M6+1 -> 46237 | C15: =A15+1 -> 46238 | E15: =C15+1 -> 46239 | G15: =E15+1 -> 46240 | I15: =G15+1 -> 46241 | K15: =I15+1 -> 46242 | M15: =K15+1 -> 46243
A16: Lakhotia | C16: Lakhotia | E16: Lakhotia | G16: Lakhotia | I16: Lakhotia | K16: Lakhotia | M16: Lakhotia
A17: Marshall | C17: Marshall | E17: Marshall | G17: Marshall | I17: Marshall
A18: Shoup | C18: Shoup | E18: Shoup | G18: Shoup | I18: Shoup | K18: Shoup | M18: Shoup
A19: Karia | C19: Karia | E19: Karia | G19: Karia | I19: Karia
A24: =M15+1 -> 46244 | C24: =A24+1 -> 46245 | E24: =C24+1 -> 46246 | G24: =E24+1 -> 46247 | I24: =G24+1 -> 46248 | K24: =I24+1 -> 46249 | M24: =K24+1 -> 46250
A25: Means | C25: Means | E25: Means | G25: Means | I25: Means | K25: Means | M25: Means
A26: Puri | C26: Puri | E26: Puri | G26: Puri | I26: Puri
A27: Karia | C27: Karia | E27: Karia | G27: Karia | I27: Karia | K27: Karia | M27: Karia
A28: Clements | C28: Clements | E28: Clements | G28: Clements | I28: Clements
A33: =M24+1 -> 46251 | C33: =A33+1 -> 46252 | E33: =C33+1 -> 46253 | G33: =E33+1 -> 46254 | I33: =G33+1 -> 46255 | K33: =I33+1 -> 46256 | M33: =K33+1 -> 46257
A34: Evans | C34: Evans | E34: Evans | G34: Evans | I34: Evans | K34: Evans | M34: Evans
A35: Lakhotia | C35: Lakhotia | E35: Lakhotia | G35: Lakhotia | I35: Lakhotia
A36: Barnes | C36: Barnes | E36: Barnes | G36: Barnes | I36: Barnes | K36: Barnes | M36: Barnes
A37: Sah | C37: Sah | E37: Sah | G37: Sah | I37: Sah
A42: =IF(M33="","",IF(MONTH(M33+1)<>MONTH($A$1),"",M33+1)) -> 46258 | C42: =IF(A42="","",IF(MONTH(A42+1)<>MONTH($A$1),"",A42+1)) -> 46259 | E42: =IF(C42="","",IF(MONTH(C42+1)<>MONTH($A$1),"",C42+1)) -> 46260 | G42: 27 | I42: 28 | K42: 29 | M42: 30
A43: Barton | C43: Barton | E43: Barton | G43: Barton | I43: Barton | K43: Barton | M43: Barton
A44: Means | C44: Means | E44: Means | G44: Means | I44: Means
A45: Karia | C45: Karia | E45: Karia | G45: Karia | I45: Karia | K45: Karia | M45: Karia
A46: Jain | C46: Jain | E46: Jain | G46: Jain | I46: Jain
E51: Notes:
E58: © 2011-2019 by Vertex42.com. Free to print. | I58: =HYPERLINK("https://www.vertex42.com/calendars/academic-calendar.html","https://www.vertex42.com/calendars/academic-calendar.html") -> https://www.vertex42.com/calendars/academic-calendar.html

Sheet September 2026
A1: =EDATE('©'!A17,38) -> 46266 | K1: (c) 2011 Vertex42 LLC
A2: Child Neurology Call Schedule
A3: General | C3: ICU | E3: CEEG/LTM EEG Reader | G3: EMU 1/Surgery/1st 5 Admission at NCH | I3: EMU2/Remaining NCH EMU patients/NWC EMU Patients | K3: Out of Office Clinic | M3: P2P
A4: =UPPER(TEXT(A1,"mmmm yyyy")) -> SEPTEMBER 2026
A5: =A15 -> 46272 | C5: =C15 -> 46273 | E5: =E15 -> 46274 | G5: =G15 -> 46275 | I5: =I15 -> 46276 | K5: =M15 -> 46278 | M5: =M15 -> 46278
C6: =IF(A6="",IF(WEEKDAY($A$1,1)=MOD(startday,7)+1,$A$1,""),A6+1) -> 46266 | E6: =IF(C6="",IF(WEEKDAY($A$1,1)=MOD(startday,7)+2,$A$1,""),C6+1) -> 46267 | G6: =IF(E6="",IF(WEEKDAY($A$1,1)=MOD(startday,7)+3,$A$1,""),E6+1) -> 46268 | I6: =IF(G6="",IF(WEEKDAY($A$1,1)=MOD(startday,7)+4,$A$1,""),G6+1) -> 46269 | K6: =IF(I6="",IF(WEEKDAY($A$1,1)=MOD(startday,7)+5,$A$1,""),I6+1) -> 46270 | M6: =IF(K6="",IF(WEEKDAY($A$1,1)=MOD(startday+5,7)+1,$A$1,""),K6+1) -> 46271
A7: Ray | C7: Ray | E7: Ray | G7: Ray | I7: Ray | K7: Ray | M7: Ray
A8: Brock | C8: Brock | E8: Brock | G8: Brock | I8: Brock
A9: Sah | C9: Sah | E9: Sah | G9: Sah | I9: Sah | K9: Sah | M9: Sah
A10: Karia | C10: Karia | E10: Karia | G10: Karia | I10: Karia
A15: =M6+1 -> 46272 | B15: Labor Day | C15: =A15+1 -> 46273 | E15: =C15+1 -> 46274 | G15: =E15+1 -> 46275 | I15: =G15+1 -> 46276 | K15: =I15+1 -> 46277 | M15: =K15+1 -> 46278
A16: Ray | C16: Doll | E16: Doll | G16: Doll | I16: Doll | K16: Doll | M16: Doll
C17: Marshall | E17: Marshall | G17: Marshall | I17: Marshall
A18: Jain | C18: Jain | E18: Jain | G18: Jain | I18: Jain | K18: Jain | M18: Jain
C19: Shoup | E19: Shoup | G19: Shoup | I19: Shoup
A24: =M15+1 -> 46279 | C24: =A24+1 -> 46280 | E24: =C24+1 -> 46281 | G24: =E24+1 -> 46282 | I24: =G24+1 -> 46283 | K24: =I24+1 -> 46284 | M24: =K24+1 -> 46285
A25: Means | C25: Means | E25: Means | G25: Means | I25: Means | K25: Brock | M25: Brock
A26: Ray | C26: Ray | E26: Ray | G26: Ray | I26: Ray
A27: Farber | C27: Farber | E27: Farber | G27: Farber | I27: Farber | K27: Farber | M27: Farber
A28: Sah | C28: Sah | E28: Sah | G28: Sah | I28: Sah
A33: =M24+1 -> 46286 | C33: =A33+1 -> 46287 | E33: =C33+1 -> 46288 | G33: =E33+1 -> 46289 | I33: =G33+1 -> 46290 | K33: =I33+1 -> 46291 | M33: =K33+1 -> 46292
A34: Lakhotia | C34: Lakhotia | E34: Lakhotia | G34: Lakhotia | I34: Lakhotia | K34: Lakhotia | M34: Lakhotia
A35: Sweeney | C35: Sweeney | E35: Sweeney | G35: Sweeney | I35: Sweeney
A36: Clements | C36: Clements | E36: Clements | G36: Clements | I36: Clements | K36: Clements | M36: Clements
A37: Jain | C37: Jain | E37: Jain | G37: Jain | I37: Jain
A42: =IF(M33="","",IF(MONTH(M33+1)<>MONTH($A$1),"",M33+1)) -> 46293 | C42: =IF(A42="","",IF(MONTH(A42+1)<>MONTH($A$1),"",A42+1)) -> 46294 | E42: 1 | G42: 2 | I42: 3 | K42: 4 | M42: 5
A43: Barton | C43: Barton | E43: Barton | G43: Barton | I43: Barton | K43: Barton | M43: Barton
A44: Brock | C44: Brock | E44: Brock | G44: Brock | I44: Brock
A45: Shoup | C45: Shoup | E45: Shoup | G45: Shoup | I45: Shoup | K45: Shoup | M45: Shoup
A46: Karia | C46: Karia | E46: Karia | G46: Karia | I46: Karia
E51: Notes:
E58: © 2011-2019 by Vertex42.com. Free to print. | I58: =HYPERLINK("https://www.vertex42.com/calendars/academic-calendar.html","https://www.vertex42.com/calendars/academic-calendar.html") -> https://www.vertex42.com/calendars/academic-calendar.html

Sheet October 2026
A1: =EDATE('©'!A17,39) -> 46296 | K1: (c) 2011 Vertex42 LLC
A2: Child Neurology Call Schedule
A3: General | C3: ICU | E3: CEEG/LTM EEG Reader | G3: EMU 1/Surgery/1st 5 Admission at NCH | I3: EMU2/Remaining NCH EMU patients/NWC EMU Patients | K3: Out of Office Clinic | M3: P2P
A4: =UPPER(TEXT(A1,"mmmm yyyy")) -> OCTOBER 2026
A5: =A15 -> 46300 | C5: =C15 -> 46301 | E5: =E15 -> 46302 | G5: =G15 -> 46303 | I5: =I15 -> 46304 | K5: =K15 -> 46305 | M5: =M15 -> 46306
A6: =IF(WEEKDAY($A$1,1)=startday,$A$1,"") | C6: =IF(A6="",IF(WEEKDAY($A$1,1)=MOD(startday,7)+1,$A$1,""),A6+1) | E6: =IF(C6="",IF(WEEKDAY($A$1,1)=MOD(startday,7)+2,$A$1,""),C6+1) | G6: =IF(E6="",IF(WEEKDAY($A$1,1)=MOD(startday,7)+3,$A$1,""),E6+1) -> 46296 | I6: =IF(G6="",IF(WEEKDAY($A$1,1)=MOD(startday,7)+4,$A$1,""),G6+1) -> 46297 | K6: =IF(I6="",IF(WEEKDAY($A$1,1)=MOD(startday,7)+5,$A$1,""),I6+1) -> 46298 | M6: =IF(K6="",IF(WEEKDAY($A$1,1)=MOD(startday+5,7)+1,$A$1,""),K6+1) -> 46299
A7: Barton | C7: Barton | E7: Barton | G7: Barton | I7: Barton | K7: Barton | M7: Barton
A8: Brock | C8: Brock | E8: Brock | G8: Brock | I8: Brock
A9: Shoup | C9: Shoup | E9: Shoup | G9: Shoup | I9: Shoup | K9: Shoup | M9: Shoup
A10: Karia | C10: Karia | E10: Karia | G10: Karia | I10: Karia
A15: =M6+1 -> 46300 | C15: =A15+1 -> 46301 | E15: =C15+1 -> 46302 | G15: =E15+1 -> 46303 | I15: =G15+1 -> 46304 | K15: =I15+1 -> 46305 | M15: =K15+1 -> 46306
A16: Marshall | C16: Marshall | E16: Marshall | G16: Marshall | I16: Marshall | K16: Marshall | M16: Marshall
A17: Doll | C17: Doll | E17: Doll | G17: Doll | I17: Doll
A18: Karia | C18: Karia | E18: Karia | G18: Karia | I18: Karia | K18: Karia | M18: Karia
A19: Marashly | C19: Marashly | E19: Marashly | G19: Marashly | I19: Marashly
A24: =M15+1 -> 46307 | C24: =A24+1 -> 46308 | E24: =C24+1 -> 46309 | G24: =E24+1 -> 46310 | I24: =G24+1 -> 46311 | K24: =I24+1 -> 46312 | M24: =K24+1 -> 46313
A25: Sweeney | C25: Sweeney | E25: Sweeney | G25: Sweeney | I25: Sweeney | K25: Sweeney | M25: Sweeney
A26: Singer | C26: Singer | E26: Singer | G26: Singer | I26: Singer
A27: Shoup | C27: Shoup | E27: Shoup | G27: Shoup | I27: Shoup | K27: Shoup | M27: Shoup
A28: Jain | C28: Jain | E28: Jain | G28: Jain | I28: Jain
A33: =M24+1 -> 46314 | C33: =A33+1 -> 46315 | E33: =C33+1 -> 46316 | G33: =E33+1 -> 46317 | I33: =G33+1 -> 46318 | K33: =I33+1 -> 46319 | M33: =K33+1 -> 46320
A34: Chandler | C34: Chandler | E34: Chandler | G34: Chandler | I34: Chandler | K34: Chandler | M34: Chandler
A35: Sweeney | C35: Sweeney | E35: Sweeney | G35: Sweeney | I35: Sweeney
A36: Jain | C36: Jain | E36: Jain | G36: Jain | I36: Jain | K36: Jain | M36: Jain
A37: Sah | C37: Sah | E37: Sah | G37: Sah | I37: Sah
A42: =IF(M33="","",IF(MONTH(M33+1)<>MONTH($A$1),"",M33+1)) -> 46321 | C42: =IF(A42="","",IF(MONTH(A42+1)<>MONTH($A$1),"",A42+1)) -> 46322 | E42: 29 | G42: 30 | I42: 31 | J42: Halloween | K42: 1 | M42: 2
A43: Puri | C43: Puri | E43: Puri | G43: Puri | I43: Puri / Evans PM | K43: Evans | M43: Evans
A44: Means | C44: Means | E44: Means | G44: Means | I44: Means
A45: Shoup | C45: Shoup | E45: Shoup | G45: Shoup | I45: Shoup | K45: Shoup | M45: Shoup
A46: Clements | C46: Clements | E46: Clements | G46: Clements | I46: Clements
E51: Notes:
E58: © 2011-2019 by Vertex42.com. Free to print. | I58: =HYPERLINK("https://www.vertex42.com/calendars/academic-calendar.html","https://www.vertex42.com/calendars/academic-calendar.html") -> https://www.vertex42.com/calendars/academic-calendar.html

Sheet November 2026
A1: =EDATE('©'!A17,40) -> 46327 | K1: (c) 2011 Vertex42 LLC
A2: Child Neurology Call Schedule
A3: General | C3: ICU | E3: CEEG/LTM EEG Reader | G3: EMU 1/Surgery/1st 5 Admission at NCH | I3: EMU2/Remaining NCH EMU patients/NWC EMU Patients | K3: Out of Office Clinic | M3: P2P
A4: =UPPER(TEXT(A1,"mmmm yyyy")) -> NOVEMBER 2026
A5: =A15 -> 46328 | C5: =C15 -> 46329 | E5: =E15 -> 46330 | G5: =G15 -> 46331 | I5: =I15 -> 46332 | K5: =K15 -> 46333 | M5: =M15 -> 46334
A6: =IF(WEEKDAY($A$1,1)=startday,$A$1,"") | C6: =IF(A6="",IF(WEEKDAY($A$1,1)=MOD(startday,7)+1,$A$1,""),A6+1) | E6: =IF(C6="",IF(WEEKDAY($A$1,1)=MOD(startday,7)+2,$A$1,""),C6+1) | G6: =IF(E6="",IF(WEEKDAY($A$1,1)=MOD(startday,7)+3,$A$1,""),E6+1) | I6: =IF(G6="",IF(WEEKDAY($A$1,1)=MOD(startday,7)+4,$A$1,""),G6+1) | K6: =IF(I6="",IF(WEEKDAY($A$1,1)=MOD(startday,7)+5,$A$1,""),I6+1) | M6: =IF(K6="",IF(WEEKDAY($A$1,1)=MOD(startday+5,7)+1,$A$1,""),K6+1) -> 46327
A7: Puri | C7: Puri | E7: Puri | G7: Puri | I7: Puri / Evans PM | K7: Evans | M7: Evans
A8: Means | C8: Means | E8: Means | G8: Means | I8: Means
A9: Shoup | C9: Shoup | E9: Shoup | G9: Shoup | I9: Shoup | K9: Shoup | M9: Shoup
A10: Clements | C10: Clements | E10: Clements | G10: Clements | I10: Clements
A15: =M6+1 -> 46328 | C15: =A15+1 -> 46329 | E15: =C15+1 -> 46330 | G15: =E15+1 -> 46331 | I15: =G15+1 -> 46332 | K15: =I15+1 -> 46333 | M15: =K15+1 -> 46334
A16: Lakhotia | C16: Lakhotia | E16: Lakhotia | G16: Lakhotia | I16: Lakhotia | K16: Lakhotia | M16: Lakhotia
A17: Chandler | C17: Chandler | E17: Chandler | G17: Chandler | I17: Chandler
A18: Sah | C18: Sah | E18: Sah | G18: Sah | I18: Sah | K18: Sah | M18: Sah
A19: Karia | C19: Karia | E19: Karia | G19: Karia | I19: Karia
A24: =M15+1 -> 46335 | C24: =A24+1 -> 46336 | E24: =C24+1 -> 46337 | G24: =E24+1 -> 46338 | I24: =G24+1 -> 46339 | K24: =I24+1 -> 46340 | M24: =K24+1 -> 46341
A25: Doll | C25: Doll | E25: Doll | G25: Doll | I25: Doll | K25: Ray | M25: Ray
A26: Means | C26: Means | E26: Means | G26: Means | I26: Means
A27: Jain | C27: Jain | E27: Jain | G27: Jain | I27: Jain | K27: Jain | M27: Jain
A28: Clements | C28: Clements | E28: Clements | G28: Clements | I28: Clements
A33: =M24+1 -> 46342 | C33: =A33+1 -> 46343 | E33: =C33+1 -> 46344 | G33: =E33+1 -> 46345 | I33: =G33+1 -> 46346 | K33: =I33+1 -> 46347 | M33: =K33+1 -> 46348
A34: Sweeney | C34: Sweeney | E34: Sweeney | G34: Sweeney | I34: Sweeney | K34: Sweeney | M34: Sweeney
A35: Lakhotia | C35: Lakhotia | E35: Lakhotia | G35: Lakhotia | I35: Lakhotia
A36: Farber | C36: Farber | E36: Farber | G36: Farber | I36: Farber | K36: Farber | M36: Farber
A37: Sah | C37: Sah | E37: Sah | G37: Sah | I37: Sah
A42: =IF(M33="","",IF(MONTH(M33+1)<>MONTH($A$1),"",M33+1)) -> 46349 | C42: =IF(A42="","",IF(MONTH(A42+1)<>MONTH($A$1),"",A42+1)) -> 46350 | E42: 25 | G42: 26 | I42: 27 | J42: Thanksgiving | K42: 28 | M42: 29
A43: Means | C43: Means | E43: Means | G43: Means | I43: Means | K43: Singer | M43: Singer
A44: Ray | C44: Ray | E44: Ray | G44: Ray
A45: Clements | C45: Clements | E45: Clements | G45: Clements | I45: Clements | K45: Clements | M45: Clements
A46: Jain | C46: Jain | E46: Jain | G46: Jain | I46: Jain
E51: Notes:
E58: © 2011-2019 by Vertex42.com. Free to print. | I58: =HYPERLINK("https://www.vertex42.com/calendars/academic-calendar.html","https://www.vertex42.com/calendars/academic-calendar.html") -> https://www.vertex42.com/calendars/academic-calendar.html

Sheet December 2026
A1: =EDATE('©'!A17,41) -> 46357 | K1: (c) 2011 Vertex42 LLC
A2: Child Neurology Call Schedule
A3: General | C3: ICU | E3: CEEG/LTM EEG Reader | G3: EMU 1/Surgery/1st 5 Admission at NCH | I3: EMU2/Remaining NCH EMU patients/NWC EMU Patients | K3: Out of Office Clinic | M3: P2P
A4: =UPPER(TEXT(A1,"mmmm yyyy")) -> DECEMBER 2026
A5: =A15 -> 46363 | C5: =C15 -> 46364 | E5: =E15 -> 46365 | G5: =G15 -> 46366 | I5: =I15 -> 46367 | K5: =K15 -> 46368 | M5: =M15 -> 46369
A6: =IF(WEEKDAY($A$1,1)=startday,$A$1,"") | C6: =IF(A6="",IF(WEEKDAY($A$1,1)=MOD(startday,7)+1,$A$1,""),A6+1) -> 46357 | E6: =IF(C6="",IF(WEEKDAY($A$1,1)=MOD(startday,7)+2,$A$1,""),C6+1) -> 46358 | G6: =IF(E6="",IF(WEEKDAY($A$1,1)=MOD(startday,7)+3,$A$1,""),E6+1) -> 46359 | I6: =IF(G6="",IF(WEEKDAY($A$1,1)=MOD(startday,7)+4,$A$1,""),G6+1) -> 46360 | K6: =IF(I6="",IF(WEEKDAY($A$1,1)=MOD(startday,7)+5,$A$1,""),I6+1) -> 46361 | M6: =IF(K6="",IF(WEEKDAY($A$1,1)=MOD(startday+5,7)+1,$A$1,""),K6+1) -> 46362
A7: Chandler | C7: Chandler | E7: Chandler | G7: Chandler | I7: Chandler | K7: Chandler | M7: Chandler
A8: Lakhotia | C8: Lakhotia | E8: Lakhotia | G8: Lakhotia | I8: Lakhotia
A9: Marashly | C9: Marashly | E9: Marashly | G9: Marashly | I9: Marashly | K9: Marashly | M9: Marashly
A10: Karia | C10: Karia | E10: Karia | G10: Karia | I10: Karia
A15: =M6+1 -> 46363 | C15: =A15+1 -> 46364 | E15: =C15+1 -> 46365 | G15: =E15+1 -> 46366 | I15: =G15+1 -> 46367 | K15: =I15+1 -> 46368 | M15: =K15+1 -> 46369
A16: Singer | C16: Singer | E16: Singer | G16: Singer | I16: Singer | K16: Means | M16: Means
A17: Doll | C17: Doll | E17: Doll | G17: Doll | I17: Doll
A18: Puri | C18: Puri | E18: Puri | G18: Puri | I18: Puri | K18: Puri | M18: Puri
A19: Shoup | C19: Shoup | E19: Shoup | G19: Shoup | I19: Shoup
A24: =M15+1 -> 46370 | C24: =A24+1 -> 46371 | E24: =C24+1 -> 46372 | G24: =E24+1 -> 46373 | I24: =G24+1 -> 46374 | K24: =I24+1 -> 46375 | M24: =K24+1 -> 46376
A25: Brock | C25: Brock | E25: Brock | G25: Brock | I25: Brock | K25: Brock | M25: Brock
A26: Chandler | C26: Chandler | E26: Chandler | G26: Chandler | I26: Chandler
A27: Jain | C27: Jain | E27: Jain | G27: Jain | I27: Jain | K27: Jain | M27: Jain
A28: Sah | C28: Sah | E28: Sah | G28: Sah | I28: Sah
A33: =M24+1 -> 46377 | C33: =A33+1 -> 46378 | E33: =C33+1 -> 46379 | G33: =E33+1 -> 46380 | I33: =G33+1 -> 46381 | J33: Christmas | K33: =I33+1 -> 46382 | M33: =K33+1 -> 46383
A34: Evans | C34: Evans | E34: Evans | G34: Evans | I34: Evans | K34: Evans | M34: Evans
A35: Sweeney | C35: Sweeney | E35: Sweeney | G35: Sweeney
A36: Marashly | C36: Marashly | E36: Marashly | G36: Marashly | I36: Marashly | K36: Marashly | M36: Marashly
A37: Jain | C37: Jain | E37: Jain | G37: Jain
A42: =IF(M33="","",IF(MONTH(M33+1)<>MONTH($A$1),"",M33+1)) -> 46384 | C42: =IF(A42="","",IF(MONTH(A42+1)<>MONTH($A$1),"",A42+1)) -> 46385 | E42: 30 | G42: 31 | H42: New Years | I42: 1 | J42: New Years | K42: 2 | M42: 3
A43: Marshall | C43: Marshall | E43: Marshall | G43: Marshall | I43: Marshall | K43: Marshall | M43: Marshall
A44: Brock | C44: Brock | E44: Brock | G44: Brock
A45: Shoup | C45: Shoup | E45: Shoup | G45: Shoup | I45: Shoup | K45: Shoup | M45: Shoup
A46: Marashly | C46: Marashly | E46: Marashly | G46: Marashly
E51: Notes:
E58: © 2011-2019 by Vertex42.com. Free to print. | I58: =HYPERLINK("https://www.vertex42.com/calendars/academic-calendar.html","https://www.vertex42.com/calendars/academic-calendar.html") -> https://www.vertex42.com/calendars/academic-calendar.html

Sheet January 2027
A1: =EDATE('©'!A17,42) -> 46388 | K1: (c) 2011 Vertex42 LLC
A2: Child Neurology Call Schedule
A3: General | C3: ICU | E3: CEEG/LTM EEG Reader | G3: EMU 1/Surgery/1st 5 Admission at NCH | I3: EMU2/Remaining NCH EMU patients/NWC EMU Patients | K3: Out of Office Clinic | M3: P2P
A4: =UPPER(TEXT(A1,"mmmm yyyy")) -> JANUARY 2027
A5: =A15 -> 46391 | C5: =C15 -> 46392 | E5: =E15 -> 46393 | G5: =G15 -> 46394 | I5: =I15 -> 46395 | K5: =K15 -> 46396 | M5: =M15 -> 46397
A6: =IF(WEEKDAY($A$1,1)=startday,$A$1,"") | C6: =IF(A6="",IF(WEEKDAY($A$1,1)=MOD(startday,7)+1,$A$1,""),A6+1) | E6: =IF(C6="",IF(WEEKDAY($A$1,1)=MOD(startday,7)+2,$A$1,""),C6+1) | G6: =IF(E6="",IF(WEEKDAY($A$1,1)=MOD(startday,7)+3,$A$1,""),E6+1) | I6: =IF(G6="",IF(WEEKDAY($A$1,1)=MOD(startday,7)+4,$A$1,""),G6+1) -> 46388 | K6: =IF(I6="",IF(WEEKDAY($A$1,1)=MOD(startday,7)+5,$A$1,""),I6+1) -> 46389 | M6: =IF(K6="",IF(WEEKDAY($A$1,1)=MOD(startday+5,7)+1,$A$1,""),K6+1) -> 46390
A7: Marshall | C7: Marshall | E7: Marshall | G7: Marshall | I7: Marshall | K7: Marshall | M7: Marshall
A8: Brock | C8: Brock | E8: Brock | G8: Brock
A9: Shoup | C9: Shoup | E9: Shoup | G9: Shoup | I9: Shoup | K9: Shoup | M9: Shoup
A10: Marashly | C10: Marashly | E10: Marashly | G10: Marashly
A15: =M6+1 -> 46391 | C15: =A15+1 -> 46392 | E15: =C15+1 -> 46393 | G15: =E15+1 -> 46394 | I15: =G15+1 -> 46395 | K15: =I15+1 -> 46396 | M15: =K15+1 -> 46397
A16: Singer | C16: Singer | E16: Singer | G16: Singer | I16: Singer | K16: Singer | M16: Singer
A17: Chandler | C17: Chandler | E17: Chandler | G17: Chandler | I17: Chandler
A18: Sah | C18: Sah | E18: Sah | G18: Sah | I18: Sah | K18: Sah | M18: Sah
A19: Karia | C19: Karia | E19: Karia | G19: Karia | I19: Karia
A24: =M15+1 -> 46398 | C24: =A24+1 -> 46399 | E24: =C24+1 -> 46400 | G24: =E24+1 -> 46401 | I24: =G24+1 -> 46402 | K24: =I24+1 -> 46403 | M24: =K24+1 -> 46404
A25: Doll | C25: Doll | E25: Doll | G25: Doll | I25: Doll | K25: Doll | M25: Doll
A26: Barton | C26: Barton | E26: Barton | G26: Barton | I26: Barton
A27: Marashly | C27: Marashly | E27: Marashly | G27: Marashly | I27: Marashly | K27: Marashly | M27: Marashly
A28: Shoup | C28: Shoup | E28: Shoup | G28: Shoup | I28: Shoup
A33: =M24+1 -> 46405 | B33: MLK | C33: =A33+1 -> 46406 | E33: =C33+1 -> 46407 | G33: =E33+1 -> 46408 | I33: =G33+1 -> 46409 | K33: =I33+1 -> 46410 | M33: =K33+1 -> 46411
A34: Doll | C34: Chandler | E34: Chandler | G34: Chandler | I34: Chandler
C35: Means | E35: Means | G35: Means | I35: Means
A36: Farber | C36: Farber | E36: Farber | G36: Farber | I36: Farber | K36: Farber | M36: Farber
C37: Sah | E37: Sah | G37: Sah | I37: Sah
A42: =IF(M33="","",IF(MONTH(M33+1)<>MONTH($A$1),"",M33+1)) -> 46412 | C42: =IF(A42="","",IF(MONTH(A42+1)<>MONTH($A$1),"",A42+1)) -> 46413 | E42: 27 | G42: 28 | I42: 29 | K42: 30 | M42: 31
A43: Puri | C43: Puri | E43: Puri | G43: Puri | I43: Puri | K43: Puri | M43: Puri
A44: Means | C44: Means | E44: Means | G44: Means | I44: Means
A45: Clements | C45: Clements | E45: Clements | G45: Clements | I45: Clements | K45: Clements | M45: Clements
A46: Jain | C46: Jain | E46: Jain | G46: Jain | I46: Jain
E51: Notes:
E58: © 2011-2019 by Vertex42.com. Free to print. | I58: =HYPERLINK("https://www.vertex42.com/calendars/academic-calendar.html","https://www.vertex42.com/calendars/academic-calendar.html") -> https://www.vertex42.com/calendars/academic-calendar.html

Sheet February 2027
A1: =EDATE('©'!A17,43) -> 46419 | K1: (c) 2011 Vertex42 LLC
A2: Child Neurology Call Schedule
A3: General | C3: ICU | E3: CEEG/LTM EEG Reader | G3: EMU 1/Surgery/1st 5 Admission at NCH | I3: EMU2/Remaining NCH EMU patients/NWC EMU Patients | K3: Out of Office Clinic | M3: P2P
A4: =UPPER(TEXT(A1,"mmmm yyyy")) -> FEBRUARY 2027
A5: =A15 -> 46426 | C5: =C15 -> 46427 | E5: =E15 -> 46428 | G5: =G15 -> 46429 | I5: =I15 -> 46430 | K5: =K15 -> 46431 | M5: =M15 -> 46432
A6: =IF(WEEKDAY($A$1,1)=startday,$A$1,"") -> 46419 | C6: =IF(A6="",IF(WEEKDAY($A$1,1)=MOD(startday,7)+1,$A$1,""),A6+1) -> 46420 | E6: =IF(C6="",IF(WEEKDAY($A$1,1)=MOD(startday,7)+2,$A$1,""),C6+1) -> 46421 | G6: =IF(E6="",IF(WEEKDAY($A$1,1)=MOD(startday,7)+3,$A$1,""),E6+1) -> 46422 | I6: =IF(G6="",IF(WEEKDAY($A$1,1)=MOD(startday,7)+4,$A$1,""),G6+1) -> 46423 | K6: =IF(I6="",IF(WEEKDAY($A$1,1)=MOD(startday,7)+5,$A$1,""),I6+1) -> 46424 | M6: =IF(K6="",IF(WEEKDAY($A$1,1)=MOD(startday+5,7)+1,$A$1,""),K6+1) -> 46425
A7: Sweeney | C7: Sweeney | E7: Sweeney | G7: Sweeney | I7: Sweeney | K7: Sweeney | M7: Sweeney
A8: Barton | C8: Barton | E8: Barton | G8: Barton | I8: Barton
A9: Shoup | C9: Shoup | E9: Shoup | G9: Shoup | I9: Shoup | K9: Shoup | M9: Shoup
A10: Karia | C10: Karia | E10: Karia | G10: Karia | I10: Karia
A15: =M6+1 -> 46426 | C15: =A15+1 -> 46427 | E15: =C15+1 -> 46428 | G15: =E15+1 -> 46429 | I15: =G15+1 -> 46430 | K15: =I15+1 -> 46431 | M15: =K15+1 -> 46432
A16: Marshall | C16: Marshall | E16: Marshall | G16: Marshall | I16: Marshall | K16: Marshall | M16: Marshall
A17: Singer | C17: Singer | E17: Singer | G17: Singer | I17: Singer
A18: Marashly | C18: Marashly | E18: Marashly | G18: Marashly | I18: Marashly | K18: Marashly | M18: Marashly
A19: Clements | C19: Clements | E19: Clements | G19: Clements | I19: Clements
A24: =M15+1 -> 46433 | C24: =A24+1 -> 46434 | E24: =C24+1 -> 46435 | G24: =E24+1 -> 46436 | I24: =G24+1 -> 46437 | K24: =I24+1 -> 46438 | M24: =K24+1 -> 46439
A25: Chandler | C25: Chandler | E25: Chandler | G25: Chandler | I25: Chandler | K25: Chandler | M25: Chandler
A26: Brock | C26: Brock | E26: Brock | G26: Brock | I26: Brock
A27: Farber | C27: Farber | E27: Farber | G27: Farber | I27: Farber | K27: Farber | M27: Farber
A28: Sah | C28: Sah | E28: Sah | G28: Sah | I28: Sah
A33: =M24+1 -> 46440 | C33: =A33+1 -> 46441 | E33: =C33+1 -> 46442 | G33: =E33+1 -> 46443 | I33: =G33+1 -> 46444 | K33: =I33+1 -> 46445 | M33: =K33+1 -> 46446
A34: Barton | C34: Barton | E34: Barton | G34: Barton | I34: Barton | K34: Barton | M34: Barton
A35: Chandler | C35: Chandler | E35: Chandler | G35: Chandler | I35: Chandler
A36: Karia | C36: Karia | E36: Karia | G36: Karia | I36: Karia | K36: Karia | M36: Karia
A37: Jain | C37: Jain | E37: Jain | G37: Jain | I37: Jain
A42: =IF(M33="","",IF(MONTH(M33+1)<>MONTH($A$1),"",M33+1)) | C42: =IF(A42="","",IF(MONTH(A42+1)<>MONTH($A$1),"",A42+1))
E51: Notes:
E58: © 2011-2019 by Vertex42.com. Free to print. | I58: =HYPERLINK("https://www.vertex42.com/calendars/academic-calendar.html","https://www.vertex42.com/calendars/academic-calendar.html") -> https://www.vertex42.com/calendars/academic-calendar.html

Sheet March 2027
A1: =EDATE('©'!A17,44) -> 46447 | K1: (c) 2011 Vertex42 LLC
A2: Child Neurology Call Schedule
A3: General | C3: ICU | E3: CEEG/LTM EEG Reader | G3: EMU 1/Surgery/1st 5 Admission at NCH | I3: EMU2/Remaining NCH EMU patients/NWC EMU Patients | K3: Out of Office Clinic | M3: P2P
A4: =UPPER(TEXT(A1,"mmmm yyyy")) -> MARCH 2027
A5: =A15 -> 46454 | C5: =C15 -> 46455 | E5: =E15 -> 46456 | G5: =G15 -> 46457 | I5: =I15 -> 46458 | K5: =K15 -> 46459 | M5: =M15 -> 46460
A6: =IF(WEEKDAY($A$1,1)=startday,$A$1,"") -> 46447 | C6: =IF(A6="",IF(WEEKDAY($A$1,1)=MOD(startday,7)+1,$A$1,""),A6+1) -> 46448 | E6: =IF(C6="",IF(WEEKDAY($A$1,1)=MOD(startday,7)+2,$A$1,""),C6+1) -> 46449 | G6: =IF(E6="",IF(WEEKDAY($A$1,1)=MOD(startday,7)+3,$A$1,""),E6+1) -> 46450 | I6: =IF(G6="",IF(WEEKDAY($A$1,1)=MOD(startday,7)+4,$A$1,""),G6+1) -> 46451 | K6: =IF(I6="",IF(WEEKDAY($A$1,1)=MOD(startday,7)+5,$A$1,""),I6+1) -> 46452 | M6: =IF(K6="",IF(WEEKDAY($A$1,1)=MOD(startday+5,7)+1,$A$1,""),K6+1) -> 46453
A7: Lakhotia | C7: Lakhotia | E7: Lakhotia | G7: Lakhotia | I7: Lakhotia | K7: Lakhotia | M7: Lakhotia
A8: Chandler | C8: Chandler | E8: Chandler | G8: Chandler | I8: Chandler
A9: Sah | C9: Sah | E9: Sah | G9: Sah | I9: Sah | K9: Sah | M9: Sah
A10: Karia | C10: Karia | E10: Karia | G10: Karia | I10: Karia
A15: =M6+1 -> 46454 | C15: =A15+1 -> 46455 | E15: =C15+1 -> 46456 | G15: =E15+1 -> 46457 | I15: =G15+1 -> 46458 | K15: =I15+1 -> 46459 | M15: =K15+1 -> 46460
A16: Singer | C16: Singer | E16: Singer | G16: Singer | I16: Singer | K16: Singer | M16: Singer
A17: Puri | C17: Puri | E17: Puri | G17: Puri | I17: Puri
A18: Clements | C18: Clements | E18: Clements | G18: Clements | I18: Clements | K18: Clements | M18: Clements
A19: Shoup | C19: Shoup | E19: Shoup | G19: Shoup | I19: Shoup
A24: =M15+1 -> 46461 | C24: =A24+1 -> 46462 | E24: =C24+1 -> 46463 | G24: =E24+1 -> 46464 | I24: =G24+1 -> 46465 | K24: =I24+1 -> 46466 | M24: =K24+1 -> 46467
A25: Chandler | C25: Chandler | E25: Chandler | G25: Chandler | I25: Chandler | K25: Chandler | M25: Chandler
A26: Lakhotia | C26: Lakhotia | E26: Lakhotia | G26: Lakhotia | I26: Lakhotia
A27: Farber | C27: Farber | E27: Farber | G27: Farber | I27: Farber | K27: Farber | M27: Farber
A28: Sah | C28: Sah | E28: Sah | G28: Sah | I28: Sah
A33: =M24+1 -> 46468 | C33: =A33+1 -> 46469 | E33: =C33+1 -> 46470 | G33: =E33+1 -> 46471 | I33: =G33+1 -> 46472 | K33: =I33+1 -> 46473 | M33: =K33+1 -> 46474
A34: Means | C34: Means | E34: Means | G34: Means | I34: Means | K34: Means | M34: Means
A35: Barton | C35: Barton | E35: Barton | G35: Barton | I35: Barton
A36: Puri | C36: Puri | E36: Puri | G36: Puri | I36: Puri | K36: Puri | M36: Puri
A37: Jain | C37: Jain | E37: Jain | G37: Jain | I37: Jain
A42: =IF(M33="","",IF(MONTH(M33+1)<>MONTH($A$1),"",M33+1)) -> 46475 | C42: =IF(A42="","",IF(MONTH(A42+1)<>MONTH($A$1),"",A42+1)) -> 46476 | E42: 31 | G42: 1 | I42: 2 | K42: 3 | M42: 4
A43: Hocker | C43: Hocker | E43: Hocker | G43: Hocker | I43: Hocker | K43: Hocker | M43: Hocker
A44: Lakhotia | C44: Lakhotia | E44: Lakhotia | G44: Lakhotia | I44: Lakhotia
A51: 30 | C51: 31 | E51: Notes:
E58: © 2011-2019 by Vertex42.com. Free to print. | I58: =HYPERLINK("https://www.vertex42.com/calendars/academic-calendar.html","https://www.vertex42.com/calendars/academic-calendar.html") -> https://www.vertex42.com/calendars/academic-calendar.html

Sheet April 2027
A1: =EDATE('©'!A17,45) -> 46478 | K1: (c) 2011 Vertex42 LLC
A2: Child Neurology Call Schedule
A3: General | C3: ICU | E3: CEEG/LTM EEG Reader | G3: EMU 1/Surgery/1st 5 Admission at NCH | I3: EMU2/Remaining NCH EMU patients/NWC EMU Patients | K3: Out of Office Clinic | M3: P2P
A4: =UPPER(TEXT(A1,"mmmm yyyy")) -> APRIL 2027
A5: =A15 -> 46482 | C5: =C15 -> 46483 | E5: =E15 -> 46484 | G5: =G15 -> 46485 | I5: =I15 -> 46486 | K5: =K15 -> 46487 | M5: =M15 -> 46488
A6: =IF(WEEKDAY($A$1,1)=startday,$A$1,"") | C6: =IF(A6="",IF(WEEKDAY($A$1,1)=MOD(startday,7)+1,$A$1,""),A6+1) | E6: =IF(C6="",IF(WEEKDAY($A$1,1)=MOD(startday,7)+2,$A$1,""),C6+1) | G6: =IF(E6="",IF(WEEKDAY($A$1,1)=MOD(startday,7)+3,$A$1,""),E6+1) -> 46478 | I6: =IF(G6="",IF(WEEKDAY($A$1,1)=MOD(startday,7)+4,$A$1,""),G6+1) -> 46479 | K6: =IF(I6="",IF(WEEKDAY($A$1,1)=MOD(startday,7)+5,$A$1,""),I6+1) -> 46480 | M6: =IF(K6="",IF(WEEKDAY($A$1,1)=MOD(startday+5,7)+1,$A$1,""),K6+1) -> 46481
A7: Singer | C7: Singer | E7: Singer | G7: Singer | I7: Singer | K7: Singer | M7: Singer
A8: Lakhotia | C8: Lakhotia | E8: Lakhotia | G8: Lakhotia | I8: Lakhotia
A9: Shoup | C9: Shoup | E9: Shoup | G9: Shoup | I9: Shoup | K9: Shoup | M9: Shoup
A10: Karia | C10: Karia | E10: Karia | G10: Karia | I10: Karia
A15: =M6+1 -> 46482 | C15: =A15+1 -> 46483 | E15: =C15+1 -> 46484 | G15: =E15+1 -> 46485 | I15: =G15+1 -> 46486 | K15: =I15+1 -> 46487 | M15: =K15+1 -> 46488
A16: Sweeney | C16: Sweeney | E16: Sweeney | G16: Sweeney | I16: Sweeney | K16: Sweeney | M16: Sweeney
A17: Means | C17: Means | E17: Means | G17: Means | I17: Means
A18: Karia | C18: Karia | E18: Karia | G18: Karia | I18: Karia | K18: Karia | M18: Karia
A19: Marashly | C19: Marashly | E19: Marashly | G19: Marashly | I19: Marashly | K19: Marashly | M19: Marashly
A24: =M15+1 -> 46489 | C24: =A24+1 -> 46490 | E24: =C24+1 -> 46491 | G24: =E24+1 -> 46492 | I24: =G24+1 -> 46493 | K24: =I24+1 -> 46494 | M24: =K24+1 -> 46495
A25: Brock | C25: Brock | E25: Brock | G25: Brock | I25: Brock | K25: Brock | M25: Brock
A26: Chandler | C26: Chandler | E26: Chandler | G26: Chandler | I26: Chandler
A27: Clements | C27: Clements | E27: Clements | G27: Clements | I27: Clements | K27: Clements | M27: Clements
A28: Jain | C28: Jain | E28: Jain | G28: Jain | I28: Jain
A33: =M24+1 -> 46496 | C33: =A33+1 -> 46497 | E33: =C33+1 -> 46498 | G33: =E33+1 -> 46499 | I33: =G33+1 -> 46500 | K33: =I33+1 -> 46501 | M33: =K33+1 -> 46502
A34: Evans | C34: Evans | E34: Evans | G34: Evans | I34: Evans | K34: Evans | M34: Evans
A35: Means | C35: Means | E35: Means | G35: Means | I35: Means
A36: Puri | C36: Puri | E36: Puri | G36: Puri | I36: Puri | K36: Puri | M36: Puri
A37: Sah | C37: Sah | E37: Sah | G37: Sah | I37: Sah
A42: =IF(M33="","",IF(MONTH(M33+1)<>MONTH($A$1),"",M33+1)) -> 46503 | C42: =IF(A42="","",IF(MONTH(A42+1)<>MONTH($A$1),"",A42+1)) -> 46504 | E42: 29 | G42: 30 | I42: 1 | K42: 2 | M42: 3
A43: Barton | C43: Barton | E43: Barton | G43: Barton | I43: Barton | K43: Barton | M43: Barton
A44: Ray | C44: Ray | E44: Ray | G44: Ray | I44: Ray
A45: Sah | C45: Sah | E45: Sah | G45: Sah | I45: Sah | K45: Sah | M45: Sah
A46: Clements | C46: Clements | E46: Clements | G46: Clements | I46: Clements
E51: Notes:
E58: © 2011-2019 by Vertex42.com. Free to print. | I58: =HYPERLINK("https://www.vertex42.com/calendars/academic-calendar.html","https://www.vertex42.com/calendars/academic-calendar.html") -> https://www.vertex42.com/calendars/academic-calendar.html

Sheet May 2027
A1: =EDATE('©'!A17,46) -> 46508 | K1: (c) 2011 Vertex42 LLC
A2: Child Neurology Call Schedule
A3: General | C3: ICU | E3: CEEG/LTM EEG Reader | G3: EMU 1/Surgery/1st 5 Admission at NCH | I3: EMU2/Remaining NCH EMU patients/NWC EMU Patients | K3: Out of Office Clinic | M3: P2P
A4: =UPPER(TEXT(A1,"mmmm yyyy")) -> MAY 2027
A5: =A15 -> 46510 | C5: =C15 -> 46511 | E5: =E15 -> 46512 | G5: =G15 -> 46513 | I5: =I15 -> 46514 | K5: =K15 -> 46515 | M5: =M15 -> 46516
A6: =IF(WEEKDAY($A$1,1)=startday,$A$1,"") | C6: =IF(A6="",IF(WEEKDAY($A$1,1)=MOD(startday,7)+1,$A$1,""),A6+1) | E6: =IF(C6="",IF(WEEKDAY($A$1,1)=MOD(startday,7)+2,$A$1,""),C6+1) | G6: =IF(E6="",IF(WEEKDAY($A$1,1)=MOD(startday,7)+3,$A$1,""),E6+1) | I6: =IF(G6="",IF(WEEKDAY($A$1,1)=MOD(startday,7)+4,$A$1,""),G6+1) | K6: =IF(I6="",IF(WEEKDAY($A$1,1)=MOD(startday,7)+5,$A$1,""),I6+1) -> 46508 | M6: =IF(K6="",IF(WEEKDAY($A$1,1)=MOD(startday+5,7)+1,$A$1,""),K6+1) -> 46509
A7: Barton | C7: Barton | E7: Barton | G7: Barton | I7: Barton | K7: Barton | M7: Barton
A8: Ray | C8: Ray | E8: Ray | G8: Ray | I8: Ray
A9: Sah | C9: Sah | E9: Sah | G9: Sah | I9: Sah | K9: Sah | M9: Sah
A10: Clements | C10: Clements | E10: Clements | G10: Clements | I10: Clements
A15: =M6+1 -> 46510 | C15: =A15+1 -> 46511 | E15: =C15+1 -> 46512 | G15: =E15+1 -> 46513 | I15: =G15+1 -> 46514 | K15: =I15+1 -> 46515 | M15: =K15+1 -> 46516
A16: Doll | C16: Doll | E16: Doll | G16: Doll | I16: Doll | K16: Doll | M16: Doll
A17: Marshall | C17: Marshall | E17: Marshall | G17: Marshall | I17: Marshall
A18: Barnes | C18: Barnes | E18: Barnes | G18: Barnes | I18: Barnes | K18: Barnes | M18: Barnes
A19: Karia | C19: Karia | E19: Karia | G19: Karia | I19: Karia
A24: =M15+1 -> 46517 | C24: =A24+1 -> 46518 | E24: =C24+1 -> 46519 | G24: =E24+1 -> 46520 | I24: =G24+1 -> 46521 | K24: =I24+1 -> 46522 | M24: =K24+1 -> 46523
A25: Brock | C25: Brock | E25: Brock | G25: Brock | I25: Brock | K25: Brock | M25: Brock
A26: Chandler | C26: Chandler | E26: Chandler | G26: Chandler | I26: Chandler
A27: Puri | C27: Puri | E27: Puri | G27: Puri | I27: Puri | K27: Puri | M27: Puri
A28: Clements | C28: Clements | E28: Clements | G28: Clements | I28: Clements
A33: =M24+1 -> 46524 | C33: =A33+1 -> 46525 | E33: =C33+1 -> 46526 | G33: =E33+1 -> 46527 | I33: =G33+1 -> 46528 | K33: =I33+1 -> 46529 | M33: =K33+1 -> 46530
A34: Ray | C34: Ray | E34: Ray | G34: Ray | I34: Ray | K34: Ray | M34: Ray
A35: Lakhotia | C35: Lakhotia | E35: Lakhotia | G35: Lakhotia | I35: Lakhotia
A36: Farber | C36: Farber | E36: Farber | G36: Farber | I36: Farber | K36: Farber | M36: Farber
A37: Marashly | C37: Marashly | E37: Marashly | G37: Marashly | I37: Marashly
A42: =IF(M33="","",IF(MONTH(M33+1)<>MONTH($A$1),"",M33+1)) -> 46531 | C42: =IF(A42="","",IF(MONTH(A42+1)<>MONTH($A$1),"",A42+1)) -> 46532 | E42: 26 | G42: 27 | I42: 28 | K42: 29 | M42: 30
A43: Sweeney | C43: Sweeney | E43: Sweeney | G43: Sweeney | I43: Sweeney | K43: Sweeney | M43: Sweeney
A44: Puri | C44: Puri | E44: Puri | G44: Puri | I44: Puri
A45: Karia | C45: Karia | E45: Karia | G45: Karia | I45: Karia | K45: Karia | M45: Karia
A46: Jain | C46: Jain | E46: Jain | G46: Jain | I46: Jain
A51: 31 | B51: Memorial Day | E51: Notes:
A52: Sweeney
A54: Karia
E58: © 2011-2019 by Vertex42.com. Free to print. | I58: =HYPERLINK("https://www.vertex42.com/calendars/academic-calendar.html","https://www.vertex42.com/calendars/academic-calendar.html") -> https://www.vertex42.com/calendars/academic-calendar.html

Sheet June 2027
A1: =EDATE('©'!A17,47) -> 46539 | K1: (c) 2011 Vertex42 LLC
A2: Child Neurology Call Schedule
A3: General | C3: ICU | E3: CEEG/LTM EEG Reader | G3: EMU 1/Surgery/1st 5 Admission at NCH | I3: EMU2/Remaining NCH EMU patients/NWC EMU Patients | K3: Out of Office Clinic | M3: P2P
A4: =UPPER(TEXT(A1,"mmmm yyyy")) -> JUNE 2027
A5: =A15 -> 46545 | C5: =C15 -> 46546 | E5: =E15 -> 46547 | G5: =G15 -> 46548 | I5: =I15 -> 46549 | K5: =K15 -> 46550 | M5: =M15 -> 46551
A6: =IF(WEEKDAY($A$1,1)=startday,$A$1,"") | C6: =IF(A6="",IF(WEEKDAY($A$1,1)=MOD(startday,7)+1,$A$1,""),A6+1) -> 46539 | E6: =IF(C6="",IF(WEEKDAY($A$1,1)=MOD(startday,7)+2,$A$1,""),C6+1) -> 46540 | G6: =IF(E6="",IF(WEEKDAY($A$1,1)=MOD(startday,7)+3,$A$1,""),E6+1) -> 46541 | I6: =IF(G6="",IF(WEEKDAY($A$1,1)=MOD(startday,7)+4,$A$1,""),G6+1) -> 46542 | K6: =IF(I6="",IF(WEEKDAY($A$1,1)=MOD(startday,7)+5,$A$1,""),I6+1) -> 46543 | M6: =IF(K6="",IF(WEEKDAY($A$1,1)=MOD(startday+5,7)+1,$A$1,""),K6+1) -> 46544
A7: Sweeney | C7: Lakhotia | E7: Lakhotia | G7: Lakhotia | I7: Lakhotia | K7: Lakhotia | M7: Lakhotia
C8: Chandler | E8: Chandler | G8: Chandler | I8: Chandler
C9: Shoup | E9: Shoup | G9: Shoup | I9: Shoup | K9: Shoup | M9: Shoup
A10: Marashly | C10: Marashly | E10: Marashly | G10: Marashly | I10: Marashly
A15: =M6+1 -> 46545 | C15: =A15+1 -> 46546 | E15: =C15+1 -> 46547 | G15: =E15+1 -> 46548 | I15: =G15+1 -> 46549 | K15: =I15+1 -> 46550 | M15: =K15+1 -> 46551
A16: Brock | C16: Brock | E16: Brock | G16: Brock | I16: Brock | K16: Brock | M16: Brock
A17: Doll | C17: Doll | E17: Doll | G17: Doll | I17: Doll
A18: Marashly | C18: Marashly | E18: Marashly | G18: Marashly | I18: Marashly | K18: Marashly | M18: Marashly
A19: Shoup | C19: Shoup | E19: Shoup | G19: Shoup | I19: Shoup
A24: =M15+1 -> 46552 | C24: =A24+1 -> 46553 | E24: =C24+1 -> 46554 | G24: =E24+1 -> 46555 | I24: =G24+1 -> 46556 | K24: =I24+1 -> 46557 | M24: =K24+1 -> 46558
A25: Doll | C25: Doll | E25: Doll | G25: Doll | I25: Doll | K25: Doll | M25: Doll
A26: Chandler | C26: Chandler | E26: Chandler | G26: Chandler | I26: Chandler
A27: Jain | C27: Jain | E27: Jain | G27: Jain | I27: Jain | K27: Jain | M27: Jain
A28: Sah | C28: Sah | E28: Sah | G28: Sah | I28: Sah
A33: =M24+1 -> 46559 | C33: =A33+1 -> 46560 | E33: =C33+1 -> 46561 | G33: =E33+1 -> 46562 | I33: =G33+1 -> 46563 | K33: =I33+1 -> 46564 | M33: =K33+1 -> 46565
A36: Clements | C36: Clements | E36: Clements | G36: Clements | I36: Clements | K36: Clements | M36: Clements
A37: Marashly | C37: Marashly | E37: Marashly | G37: Marashly | I37: Marashly
A42: =IF(M33="","",IF(MONTH(M33+1)<>MONTH($A$1),"",M33+1)) -> 46566 | C42: =IF(A42="","",IF(MONTH(A42+1)<>MONTH($A$1),"",A42+1)) -> 46567 | E42: 29 | G42: 30 | I42: 1 | K42: 2 | M42: 3
A50: Danieli | C50: Ravishankar
E51: Notes:
E58: © 2011-2019 by Vertex42.com. Free to print. | I58: =HYPERLINK("https://www.vertex42.com/calendars/academic-calendar.html","https://www.vertex42.com/calendars/academic-calendar.html") -> https://www.vertex42.com/calendars/academic-calendar.html

Sheet Sheet4

Sheet Jan2021
A1: =EDATE('©'!A17,6) -> 45292 | K1: (c) 2011 Vertex42 LLC
A2: Neurology Call Schedule
A3: ULH Stroke | C3: ULH General | E3: Jewish | G3: IR | I3: EMU | K3: Jasper/TRH/JS | M3: Good Sam
A4: =UPPER(TEXT(A1,"mmmm yyyy")) -> JANUARY 2024
A5: =A14 -> 45299 | C5: =C14 -> 45300 | E5: =E14 -> 45301 | G5: =G14 -> 45302 | I5: =I14 -> 45303 | K5: =K14 -> 45304 | M5: =M14 -> 45305
A6: =IF(WEEKDAY($A$1,1)=startday,$A$1,"") -> 45292 | C6: =IF(A6="",IF(WEEKDAY($A$1,1)=MOD(startday,7)+1,$A$1,""),A6+1) -> 45293 | E6: =IF(C6="",IF(WEEKDAY($A$1,1)=MOD(startday,7)+2,$A$1,""),C6+1) -> 45294 | G6: =IF(E6="",IF(WEEKDAY($A$1,1)=MOD(startday,7)+3,$A$1,""),E6+1) -> 45295 | I6: =IF(G6="",IF(WEEKDAY($A$1,1)=MOD(startday,7)+4,$A$1,""),G6+1) -> 45296 | K6: =IF(I6="",IF(WEEKDAY($A$1,1)=MOD(startday,7)+5,$A$1,""),I6+1) -> 45297 | M6: =IF(K6="",IF(WEEKDAY($A$1,1)=MOD(startday+5,7)+1,$A$1,""),K6+1) -> 45298
I7: Liu | K7: Liu | M7: Liu
I8: Brown | K8: Brown | M8: Brown
I9: Ander | K9: Remmel | M9: Remmel
I10: Liu | K10: Liu | M10: Liu
I11: Shafer | K11: Shafer | M11: Shafer
I12: Betsy (Night) | K12: Betsy (All New) | M12: Betsy (All New)
I13: Haboubi | K13: Haboubi | M13: Haboubi
A14: =M6+1 -> 45299 | C14: =A14+1 -> 45300 | E14: =C14+1 -> 45301 | G14: =E14+1 -> 45302 | I14: =G14+1 -> 45303 | K14: =I14+1 -> 45304 | M14: =K14+1 -> 45305
A15: Liu | C15: Liu | E15: Liu | G15: Liu | I15: Haboubi/Remmel | K15: Haboubi | M15: Haboubi
A16: Brown | C16: Brown | E16: Brown | G16: Brown | I16: Holiday | K16: Holiday | M16: Holiday
A17: Ander | C17: Ander | E17: Ander | G17: Ander | I17: Ander/Remmel | K17: Nord/Haboubi | M17: Nord/Haboubi
A18: Liu | C18: Liu | E18: Liu | G18: Liu | I18: Liu | K18: Liu | M18: Liu
A19: Shafer | C19: Shafer | E19: Sagi | G19: Sagi | I19: Sagi | K19: Sagi | M19: Sagi
A20: Kari (Night) | C20: Kari (Night) | E20: Betsy (Night) | G20: Kari (Night) | I20: Kari | K20: Kari | M20: Kari
A21: Pham | C21: Pham | E21: Pham | G21: Pham | I21: Pham (Night) | K21: Pham (All New) | M21: Pham (All New)
A22: =M14+1 -> 45306 | C22: =A22+1 -> 45307 | E22: =C22+1 -> 45308 | G22: =E22+1 -> 45309 | I22: =G22+1 -> 45310 | K22: =I22+1 -> 45311 | M22: =K22+1 -> 45312
A23: Haboubi/Remmel | C23: Haboubi | E23: Haboubi | G23: Haboubi | I23: Ander/Haboubi | K23: Ander/Remmel | M23: Ander
A24: Holiday | C24: Holiday | E24: Holiday | G24: Holiday | I24: Feng | K24: Feng | M24: Feng
A25: Remmel/Remmel | C25: Remmel | E25: Remmel/Haboubi | G25: Ander | I25: Sagi/Haboubi | K25: Sagi/Remmel | M25: Sagi/Ander
A26: Ding | C26: Ding | E26: Ding | G26: Ding | I26: Ding | K26: Ding | M26: Ding
A27: Sagi | C27: Sagi | E27: Shafer | G27: Shafer | I27: Shafer | K27: Shafer | M27: Shafer
A28: Kari | C28: Betsy | E28: Betsy (Betsy) | G28: Betsy | I28: Kari (Night) | K28: Kari (All New) | M28: Kari (All New)
A29: Pham (Night) | C29: Pham (Night) | E29: Pham | G29: Pham (Night) | I29: Pham | K29: Pham | M29: Pham
A30: =M22+1 -> 45313 | C30: =A30+1 -> 45314 | E30: =C30+1 -> 45315 | G30: =E30+1 -> 45316 | I30: =G30+1 -> 45317 | K30: =I30+1 -> 45318 | M30: =K30+1 -> 45319
A31: Ander/Ander | C31: Ander | E31: Ander | G31: Ander | I31: Remmel/Haboubi | K31: Remmel | M31: Remmel
A32: Feng | C32: Feng | E32: Feng | G32: Feng | I32: Robertston | K32: Robertston | M32: Robertston
A33: Sagi/Ander | C33: Sagi | E33: Sagi/Ander | G33: Sagi | I33: Sagi/Haboubi | K33: Nord/Remmel | M33: Nord/Remmel
A34: Ding | C34: Ding | E34: Liu | G34: Liu | I34: Ding | K34: Ding | M34: Ding
A35: Palade | C35: Palade | E35: Palade | G35: Palade | I35: Palade | K35: Palade | M35: Palade
A36: Kari | C36: Kari | E36: Betsy (Night) | G36: Betsy | I36: Betsy (Night) | K36: Betsy | M36: Betsy
A37: Haboubi (Night) | C37: Haboubi (Night) | E37: Haboubi | G37: Haboubi (Night) | I37: Haboubi | K37: Haboubi (All New) | M37: Haboubi (All New)
A38: =IF(M30="","",IF(MONTH(M30+1)<>MONTH($A$1),"",M30+1)) -> 45320 | C38: =IF(A38="","",IF(MONTH(A38+1)<>MONTH($A$1),"",A38+1)) -> 45321 | E38: =IF(C38="","",IF(MONTH(C38+1)<>MONTH($A$1),"",C38+1)) -> 45322 | G38: =IF(E38="","",IF(MONTH(E38+1)<>MONTH($A$1),"",E38+1)) | I38: =IF(G38="","",IF(MONTH(G38+1)<>MONTH($A$1),"",G38+1)) | K38: =IF(I38="","",IF(MONTH(I38+1)<>MONTH($A$1),"",I38+1)) | M38: =IF(K38="","",IF(MONTH(K38+1)<>MONTH($A$1),"",K38+1))
A39: Remmel/Haboubi | C39: Remmel | E39: Remmel/Remmel | G39: Remmel | I39: Liu | K39: Liu | M39: Liu
A40: Robertson | C40: Robertson | E40: Robertson | G40: Robertson | I40: Hedera | K40: Hedera | M40: Hedera
A41: Ander/Haboubi | C41: Ander | E41: Ander/Remmel | G41: Ander | I41: Ander | K41: Remmel | M41: Remmel
A42: Ding | C42: Ding | E42: Ding | G42: Ding | I42: Liu | K42: Liu | M42: Liu
A43: Shafer | C43: Shafer | E43: Shafer | G43: Shafer | I43: Shafer | K43: Shafer | M43: Shafer
A44: Betsy (Night) | C44: Betsy | E44: Betsy (Night) | G44: Betsy 7a-5P, Kari 5p-7a | I44: Kari (Night) | K44: Kari (All) | M44: Kari (All)
A45: Haboubi | C45: Haboubi (Night) | E45: Haboubi | G45: Haboubi | I45: Haboubi | K45: Haboubi | M45: Haboubi
A46: =IF(M38="","",IF(MONTH(M38+1)<>MONTH($A$1),"",M38+1)) | C46: =IF(A46="","",IF(MONTH(A46+1)<>MONTH($A$1),"",A46+1)) | E46: Notes:
E47: Sagi-January 4/5
E53: © 2011-2019 by Vertex42.com. Free to print. | I53: =HYPERLINK("https://www.vertex42.com/calendars/academic-calendar.html","https://www.vertex42.com/calendars/academic-calendar.html") -> https://www.vertex42.com/calendars/academic-calendar.html

Sheet Feb2021
A1: =EDATE('©'!A17,7) -> 45323 | K1: (c) 2011 Vertex42 LLC
A2: Neurology Call Schedule
A3: ULH Stroke | C3: ULH General | E3: Jewish | G3: IR | I3: EMU | K3: Jasper/TRH/JS | M3: Good Sam
A4: =UPPER(TEXT(A1,"mmmm yyyy")) -> FEBRUARY 2024
A5: =A14 -> 45327 | C5: =C14 -> 45328 | E5: =E14 -> 45329 | G5: =G14 -> 45330 | I5: =I14 -> 45331 | K5: =K14 -> 45332 | M5: =M14 -> 45333
A6: =IF(WEEKDAY($A$1,1)=startday,$A$1,"") | C6: =IF(A6="",IF(WEEKDAY($A$1,1)=MOD(startday,7)+1,$A$1,""),A6+1) | E6: =IF(C6="",IF(WEEKDAY($A$1,1)=MOD(startday,7)+2,$A$1,""),C6+1) | G6: =IF(E6="",IF(WEEKDAY($A$1,1)=MOD(startday,7)+3,$A$1,""),E6+1) -> 45323 | I6: =IF(G6="",IF(WEEKDAY($A$1,1)=MOD(startday,7)+4,$A$1,""),G6+1) -> 45324 | K6: =IF(I6="",IF(WEEKDAY($A$1,1)=MOD(startday,7)+5,$A$1,""),I6+1) -> 45325 | M6: =IF(K6="",IF(WEEKDAY($A$1,1)=MOD(startday+5,7)+1,$A$1,""),K6+1) -> 45326
A7: Liu | C7: Liu | E7: Liu | G7: Liu | I7: Ander/Haboubi | K7: Ander | M7: Ander
A8: Hedera | C8: Hedera | E8: Hedera | G8: Hedera | I8: Shafer | K8: Shafer | M8: Shafer
A9: Remmel | C9: Remmel | E9: Remmel | G9: Remmel | I9: Remmel/Haboubi | K9: Nord/Ander | M9: Nord/Ander
A10: Liu | C10: Liu | E10: Liu | G10: Liu | I10: Liu | K10: Liu | M10: Liu
A11: Sagi | C11: Sagi | E11: Sagi | G11: Sagi | I11: Sagi | K11: Sagi | M11: Sagi
A12: Kari | C12: Kari | E12: Kari | G12: Kari | I12: Kari/Betsy (Night) | K12: Betsy (All New) | M12: Betsy (All New)
A13: Haboubi (Night) | C13: Haboubi (Night) | E13: Haboubi (Night) | G13: Haboubi (Night) | I13: Haboubi | K13: Haboubi | M13: Haboubi
A14: =M6+1 -> 45327 | C14: =A14+1 -> 45328 | E14: =C14+1 -> 45329 | G14: =E14+1 -> 45330 | I14: =G14+1 -> 45331 | K14: =I14+1 -> 45332 | M14: =K14+1 -> 45333
A15: Ander/Remmel | C15: Ander | E15: Ander | G15: Ander | I15: Haboubi/Haboubi | K15: Haboubi | M15: Haboubi/Ander
A16: Shafer | C16: Shafer | E16: Shafer | G16: Shafer | I16: Wang | K16: Wang | M16: Wang
A17: Remmel/Remmel | C17: Remmel | E17: Remmel/Ander | G17: Remmel | I17: Sagi/Haboubi | K17: Sagi/Haboubi | M17: Sagi/Ander
A18: Ding | C18: Liu | E18: Liu | G18: Ding | I18: Ding | K18: Ding | M18: Ding
A19: Palade | C19: Palade | E19: Palade | G19: Palade | I19: Palade | K19: Palade | M19: Palade
A20: Kari (Night) | C20: Kari (Night) | E20: Betsy (Night) | G20: Kari (Night) | I20: Kari (Night) | K20: Kari (All New) | M20: Kari (All New)
A21: Pham | C21: Pham | E21: Pham | G21: Pham | I21: Pham | K21: Pham | M21: Pham
A22: =M14+1 -> 45334 | C22: =A22+1 -> 45335 | E22: =C22+1 -> 45336 | G22: =E22+1 -> 45337 | I22: =G22+1 -> 45338 | K22: =I22+1 -> 45339 | M22: =K22+1 -> 45340
A23: Haboubi/Haboubi | C23: Haboubi | E23: Haboubi/Ander | G23: Haboubi | I23: Haboubi/Haboubi | K23: Remmel | M23: Remmel
A24: Wang | C24: Wang | E24: Wang | G24: Wang | I24: Brown | K24: Brown | M24: Brown
A25: Sagi/Haboubi | C25: Sagi | E25: Sagi/Ander | G25: Sagi | I25: Ander/Haboubi | K25: Nord/Remmel | M25: Nord/Remmel
A26: Ding | C26: Liu | E26: Liu | G26: Liu | I26: Ding | K26: Ding | M26: Ding
A27: Shafer | C27: Shafer | E27: Shafer | G27: Shafer | I27: Shafer | K27: Shafer | M27: Shafer
A28: Betsy (Night) | C28: Betsy | E28: Betsy (Night) | G28: Betsy | I28: Betsy | K28: Betsy | M28: Betsy
A29: Pham | C29: Pham (Night) | E29: Pham | G29: Pham (Night) | I29: Pham (Night) | K29: Haboubi (All New) | M29: Haboubi (All New)
A30: =M22+1 -> 45341 | C30: =A30+1 -> 45342 | E30: =C30+1 -> 45343 | G30: =E30+1 -> 45344 | I30: =G30+1 -> 45345 | K30: =I30+1 -> 45346 | M30: =K30+1 -> 45347
A31: Remmel/Ander | C31: Remmel | E31: Remmel | G31: Remmel | I31: Liu | K31: Liu | M31: Liu
A32: Brown | C32: Brown | E32: Brown | G32: Brown | I32: Holiday | K32: Holiday | M32: Holiday
A33: Ander/Ander | C33: Ander | E33: Ander/Remmel | G33: Ander | I33: Ander/Remmel | K33: Hernandez | M33: Hernandez
A34: Ding | C34: Ding | E34: Ding | G34: Ding | I34: Liu | K34: Liu | M34: Liu
A35: Palade | C35: Palade | E35: Palade | G35: Palade | I35: Palade | K35: Palade | M35: Palade
A36: Betsy (Night) | C36: Betsy 7a-5p, Kari 5p-7a | E36: Betsy (Night) | G36: Kari (Night) | I36: Kari | K36: Kari | M36: Kari
A37: Haboubi | C37: Haboubi | E37: Haboubi | G37: Haboubi | I37: Haboubi/Elnazeir (Night) | K37: Elnazeir (All New) | M37: Elnazeir (All New)
A38: =IF(M30="","",IF(MONTH(M30+1)<>MONTH($A$1),"",M30+1)) -> 45348 | C38: =IF(A38="","",IF(MONTH(A38+1)<>MONTH($A$1),"",A38+1)) -> 45349 | E38: =IF(C38="","",IF(MONTH(C38+1)<>MONTH($A$1),"",C38+1)) -> 45350 | G38: =IF(E38="","",IF(MONTH(E38+1)<>MONTH($A$1),"",E38+1)) -> 45351 | I38: =IF(G38="","",IF(MONTH(G38+1)<>MONTH($A$1),"",G38+1)) | K38: =IF(I38="","",IF(MONTH(I38+1)<>MONTH($A$1),"",I38+1)) | M38: =IF(K38="","",IF(MONTH(K38+1)<>MONTH($A$1),"",K38+1))
A46: =IF(M38="","",IF(MONTH(M38+1)<>MONTH($A$1),"",M38+1)) | C46: =IF(A46="","",IF(MONTH(A46+1)<>MONTH($A$1),"",A46+1)) | E46: Notes:
E53: © 2011-2019 by Vertex42.com. Free to print. | I53: =HYPERLINK("https://www.vertex42.com/calendars/academic-calendar.html","https://www.vertex42.com/calendars/academic-calendar.html") -> https://www.vertex42.com/calendars/academic-calendar.html

Sheet ©
A1: =HYPERLINK("https://www.vertex42.com/calendars/academic-calendar.html","Academic Calendar Template") -> Academic Calendar Template
A3: By Vertex42.com
A4: https://www.vertex42.com/calendars/academic-calendar.html
A6: © 2011-2019 Vertex42 LLC
A8: Do not submit copies or modifications of this template to any website or online template gallery.
A10: Please review the following license agreement to learn how you may or may not use this template. Thank you.
A12: License Agreement
A13: =HYPERLINK("https://www.vertex42.com/licensing/EULA_privateuse.html","https://www.vertex42.com/licensing/EULA_privateuse.html") -> https://www.vertex42.com/licensing/EULA_privateuse.html
A16: START MONTH
A17: 45108
A19: START DAY (1:Sun, 2:Mon, etc.)
A20: 2

Sheet Jul2020
A1: ='©'!A17 -> 45108 | K1: (c) 2011 Vertex42 LLC
A2: Neurology Call Schedule
A3: ULH Stroke | C3: ULH General | E3: Jewish | G3: IR | I3: EMU | K3: Jasper/TRH/JS | M3: Good Sam
A4: =UPPER(TEXT(A1,"mmmm yyyy")) -> JULY 2023
A5: =A14 -> 45110 | C5: =C14 -> 45111 | E5: =E14 -> 45112 | G5: =G14 -> 45113 | I5: =I14 -> 45114 | K5: =K14 -> 45115 | M5: =M14 -> 45116
A6: =IF(WEEKDAY($A$1,1)=startday,$A$1,"") | C6: =IF(A6="",IF(WEEKDAY($A$1,1)=MOD(startday,7)+1,$A$1,""),A6+1) | E6: =IF(C6="",IF(WEEKDAY($A$1,1)=MOD(startday,7)+2,$A$1,""),C6+1) | G6: =IF(E6="",IF(WEEKDAY($A$1,1)=MOD(startday,7)+3,$A$1,""),E6+1) | I6: =IF(G6="",IF(WEEKDAY($A$1,1)=MOD(startday,7)+4,$A$1,""),G6+1) | K6: =IF(I6="",IF(WEEKDAY($A$1,1)=MOD(startday,7)+5,$A$1,""),I6+1) -> 45108 | M6: =IF(K6="",IF(WEEKDAY($A$1,1)=MOD(startday+5,7)+1,$A$1,""),K6+1) -> 45109
E7: Ander | G7: Ander | I7: Remmel/Haboubi | K7: Remmel | M7: Remmel
E8: Holiday | G8: Holiday | I8: Holiday | K8: Holiday | M8: Holiday
E9: Sagi | G9: Sagi | I9: Sagi/Haboubi | K9: Sagi/Remmel | M9: Sagi/Remmel
E10: Ding | G10: Ding | I10: Ding | K10: Ding | M10: Ding
E11: Shafer | G11: Shafer | I11: Shafer | K11: Shafer | M11: Shafer
E12: Betsy | G12: Kari (All Night) | I12: Kari (Night All) | K12: Kari (All New) | M12: Kari (All New)
E13: Haboubi (All) | G13: Haboubi | I13: Haboubi | K13: Haboubi | M13: Haboubi
A14: =M6+1 -> 45110 | C14: =A14+1 -> 45111 | E14: =C14+1 -> 45112 | G14: =E14+1 -> 45113 | I14: =G14+1 -> 45114 | K14: =I14+1 -> 45115 | M14: =K14+1 -> 45116
A15: Remmel/Liu | C15: Remmel | E15: Remmel/Ander | G15: Remmel | I15: Liu/Remmel | K15: Liu | M15: Kiu
A16: Palade | C16: Palade | E16: Palade | G16: Palade | I16: Palade | K16: Palade | M16: Palade
A17: Sagi | C17: Ander/Remmel | E17: Ander | G17: Hernandez | I17: Hernandez/Remmel | K17: Hernandez | M17: Hernandez/Remmel
A18: Liu | C18: Liu | E18: Liu | G18: Liu | I18: Liu | K18: Liu | M18: Liu
A19: Sagi | C19: Sagi | E19: Sagi | G19: Sagi | I19: Sagi | K19: Sagi | M19: Sagi
A20: Kari (Night All) | C20: Kari (Night All) | E20: Betsy | G20: Kari (Night All) | I20: Betsy (Night All) | K20: Betsy (All New) | M20: Betsy (All New)
A21: Haboubi | C21: Haboubi | E21: Haboubi | G21: Haboubi | I21: Haboubi | K21: Haboubi | M21: Haboubi
A22: =M14+1 -> 45117 | C22: =A22+1 -> 45118 | E22: =C22+1 -> 45119 | G22: =E22+1 -> 45120 | I22: =G22+1 -> 45121 | K22: =I22+1 -> 45122 | M22: =K22+1 -> 45123
A23: Liu/Ander | C23: Liu | E23: Liu/Haboubi | G23: Liu | I23: Haboubi/Remmel | K23: Haboubi | M23: Haboubi
A24: Brown | C24: Brown | E24: Brown | G24: Brown | I24: Brown | K24: Brown | M24: Brown
A25: Ander | C25: Ander/Remmel | E25: Ander/Haboubi | G25: Ander/Remmel | I25: Remmel | K25: Remmel/Haboubi | M25: Nord/Haboubi
A26: Ding | C26: Ding | E26: Ding | G26: Ding | I26: Ding | K26: Ding | M26: Ding
A27: Palade | C27: Palade | E27: Palade | G27: Palade | I27: Palade | K27: Palade | M27: Palade
A28: Kari (Night All) | C28: Kari (Night All) | E28: Kari | G28: Kari (Night All) | I28: Kari | K28: Kari | M28: Kari
A29: Pham | C29: Pham | E29: Pham (Night All) | G29: Pham | I29: Pham (Night All) | K29: Pham (All New) | M29: Pham (All New)
A30: =M22+1 -> 45124 | C30: =A30+1 -> 45125 | E30: =C30+1 -> 45126 | G30: =E30+1 -> 45127 | I30: =G30+1 -> 45128 | K30: =I30+1 -> 45129 | M30: =K30+1 -> 45130
A31: Haboubi/Liu | C31: Haboubi | E31: Haboubi | G31: Haboubi | I31: Ander | K31: Ander | M31: Ander
A32: Robertson | C32: Robertson | E32: Robertson | G32: Robertson | I32: Robertson | K32: Robertson | M32: Robertson
A33: Ander | C33: Ander | E33: Ander | G33: Ander | I33: Sagi | K33: Sagi/Ander | M33: Sagi/Ander
A34: Liu | C34: Liu | E34: Liu | G34: Liu | I34: Liu | K34: Liu | M34: Liu
A35: Palade | C35: Evans | E35: Evans | G35: Evans | I35: Evans | K35: Evans | M35: Evans
A36: Betsy | C36: Betsy | E36: Betsy | G36: Betsy | I36: Betsy | K36: Betsy | M36: Betsy
A37: Pham (Night All) | C37: Pham (Night All) | E37: Pham (Night All) | G37: Pham (Night All) | I37: Haboubi (Night All) | K37: Haboubi (All New) | M37: Haboubi (All New)
A38: =IF(M30="","",IF(MONTH(M30+1)<>MONTH($A$1),"",M30+1)) -> 45131 | C38: =IF(A38="","",IF(MONTH(A38+1)<>MONTH($A$1),"",A38+1)) -> 45132 | E38: =IF(C38="","",IF(MONTH(C38+1)<>MONTH($A$1),"",C38+1)) -> 45133 | G38: =IF(E38="","",IF(MONTH(E38+1)<>MONTH($A$1),"",E38+1)) -> 45134 | I38: =IF(G38="","",IF(MONTH(G38+1)<>MONTH($A$1),"",G38+1)) -> 45135 | K38: =IF(I38="","",IF(MONTH(I38+1)<>MONTH($A$1),"",I38+1)) -> 45136 | M38: =IF(K38="","",IF(MONTH(K38+1)<>MONTH($A$1),"",K38+1)) -> 45137
A39: Ander/Haboubi | C39: Ander | E39: Ander/Remmel | G39: Ander | I39: Remmel/Haboubi
A40: Shafer | C40: Shafer | E40: Shafer | G40: Shafer | I40: Shafer
A41: Sagi/Haboubi | C41: Sagi | E41: Sagi/Remmel | G41: Sagi | I41: Sagi
A42: Ding | C42: Ding | E42: Ding | G42: Ding | I42: Ding
A43: Palade | C43: Palade | E43: Palade | G43: Palade | I43: Palade
A44: Betsy (Night All) | C44: Betsy, Kari (Night All) | E44: Betsy (Night All) | G44: Betsy, Kari (Night All) | I44: Betsy (Night All)
A45: Haboubi | C45: Haboubi | E45: Haboubi | G45: Haboubi | I45: Haboubi
A46: =IF(M38="","",IF(MONTH(M38+1)<>MONTH($A$1),"",M38+1)) -> 45138 | C46: =IF(A46="","",IF(MONTH(A46+1)<>MONTH($A$1),"",A46+1)) | E46: Notes:
E53: © 2011-2019 by Vertex42.com. Free to print. | I53: =HYPERLINK("https://www.vertex42.com/calendars/academic-calendar.html","https://www.vertex42.com/calendars/academic-calendar.html") -> https://www.vertex42.com/calendars/academic-calendar.html

Sheet Aug2020
A1: =EDATE('©'!A17,1) -> 45139 | K1: (c) 2011 Vertex42 LLC
A2: Neurology Call Schedule
A3: ULH Stroke | C3: ULH General | E3: Jewish | G3: IR | I3: EMU | K3: Jasper/TRH/JS | M3: Good Sam
A4: =UPPER(TEXT(A1,"mmmm yyyy")) -> AUGUST 2023
A5: =A14 -> 45145 | C5: =C14 -> 45146 | E5: =E14 -> 45147 | G5: =G14 -> 45148 | I5: =I14 -> 45149 | K5: =K14 -> 45150 | M5: =M14 -> 45151
A6: =IF(WEEKDAY($A$1,1)=startday,$A$1,"") | C6: =IF(A6="",IF(WEEKDAY($A$1,1)=MOD(startday,7)+1,$A$1,""),A6+1) -> 45139 | E6: =IF(C6="",IF(WEEKDAY($A$1,1)=MOD(startday,7)+2,$A$1,""),C6+1) -> 45140 | G6: =IF(E6="",IF(WEEKDAY($A$1,1)=MOD(startday,7)+3,$A$1,""),E6+1) -> 45141 | I6: =IF(G6="",IF(WEEKDAY($A$1,1)=MOD(startday,7)+4,$A$1,""),G6+1) -> 45142 | K6: =IF(I6="",IF(WEEKDAY($A$1,1)=MOD(startday,7)+5,$A$1,""),I6+1) -> 45143 | M6: =IF(K6="",IF(WEEKDAY($A$1,1)=MOD(startday+5,7)+1,$A$1,""),K6+1) -> 45144
K7: Remmel | M7: Remmel
K8: Shafer | M8: Shafer
K9: Hernandez/Remmel | M9: Hernandez
K10: Ding | M10: Ding
K11: Palade | M11: Palade
K12: Betsy (All New) | M12: Betsy (All New)
K13: Haboubi | M13: Haboubi
A14: =M6+1 -> 45145 | C14: =A14+1 -> 45146 | E14: =C14+1 -> 45147 | G14: =E14+1 -> 45148 | I14: =G14+1 -> 45149 | K14: =I14+1 -> 45150 | M14: =K14+1 -> 45151
A15: Remmel/Haboubi | C15: Remmel | E15: Remmel/Ander | G15: Remmel | I15: Haboubi | K15: Haboubi | M15: Haboubi
A16: Holiday | C16: Holiday | E16: Holiday | G16: Holiday | I16: Holiday | K16: Holiday | M16: Holiday
A17: Sagi/Haboubi | C17: Sagi | E17: Sagi/Ander | G17: Sagi | I17: Remmel | K17: Remmel/Haboubi | M17: Remmel/Haboubi
A18: Ding | C18: Ding | E18: Ding | G18: Ding | I18: Ding | K18: Ding | M18: Ding
A19: Shafer | C19: Shafer | E19: Shafer | G19: Shafer | I19: Shafer | K19: Shafer | M19: Shafer
A20: Kari-Night | C20: Kari-Night | E20: Betsy-Night | G20: Kari-Night | I20: Kari-Night | K20: Kari (All New) | M20: Kari (All New)
A21: Pham | C21: Pham | E21: Pham | G21: Pham | I21: Pham | K21: Pham | M21: Pham
A22: =M14+1 -> 45152 | C22: =A22+1 -> 45153 | E22: =C22+1 -> 45154 | G22: =E22+1 -> 45155 | I22: =G22+1 -> 45156 | K22: =I22+1 -> 45157 | M22: =K22+1 -> 45158
A23: Haboubi/Ander | C23: Haboubi | E23: Haboubi/Liu | G23: Haboubi | I23: Ander/Liu | K23: Ander | M23: Ander
A24: Hedera | C24: Hedera | E24: Hedera | G24: Hedera | I24: Hedera | K24: Hedera | M24: Hedera
A25: Ander | C25: Ander | E25: Ander | G25: Ander | I25: Sagi | K25: Sagi | M25: Sagi
A26: Liu | C26: Liu | E26: Liu | G26: Liu | I26: Liu | K26: Liu | M26: Liu
A27: Shafer | C27: Shafer | E27: Shafer | G27: Shafer | I27: Shafer | K27: Shafer | M27: Shafer
A28: Betsy | C28: Betsy | E28: Betsy-Night | G28: Betsy | I28: Betsy | K28: Betsy | M28: Betsy
A29: Pham-Night | C29: Pham-Night | E29: Pham | G29: Pham-Night | I29: Haboubi-Night | K29: Haboubi (All New) | M29: Haboubi (All New)
A30: =M22+1 -> 45159 | C30: =A30+1 -> 45160 | E30: =C30+1 -> 45161 | G30: =E30+1 -> 45162 | I30: =G30+1 -> 45163 | K30: =I30+1 -> 45164 | M30: =K30+1 -> 45165
A31: Ander/Liu | C31: Ander | E31: Ander/Haboubi | G31: Ander | I31: Liu/Remmel | K31: Liu | M31: Liu
A32: Robertson | C32: Robertson | E32: Robertson | G32: Robertson | I32: Robertson | K32: Robertson | M32: Robertson
A33: Remmel | C33: Remmel | E33: Remmel/Haboubi | G33: Remmel | I33: Hernandez/Remmel | K33: Hernandez/Liu | M33: Hernandez/Liu
A34: Liu | C34: Liu | E34: Liu | G34: Liu | I34: Liu | K34: Liu | M34: Liu
A35: Palade | C35: Palade | E35: Palade | G35: Palade | I35: Palade | K35: Palade | M35: Palade
A36: Kari | C36: Kari-Night | E36: Kari/Betsy-Night | G36: Betsy/Kari-Night | I36: Kari | K36: Kari | M36: Kari
A37: Haboubi-Night | C37: Haboubi | E37: Haboubi | G37: Haboubi | I37: Pham-Night | K37: Pham (All New) | M37: Pham (All New)
A38: =IF(M30="","",IF(MONTH(M30+1)<>MONTH($A$1),"",M30+1)) -> 45166 | C38: =IF(A38="","",IF(MONTH(A38+1)<>MONTH($A$1),"",A38+1)) -> 45167 | E38: =IF(C38="","",IF(MONTH(C38+1)<>MONTH($A$1),"",C38+1)) -> 45168 | G38: =IF(E38="","",IF(MONTH(E38+1)<>MONTH($A$1),"",E38+1)) -> 45169 | I38: =IF(G38="","",IF(MONTH(G38+1)<>MONTH($A$1),"",G38+1)) | K38: =IF(I38="","",IF(MONTH(I38+1)<>MONTH($A$1),"",I38+1)) | M38: =IF(K38="","",IF(MONTH(K38+1)<>MONTH($A$1),"",K38+1))
A39: Liu/Haboubi | C39: Liu | E39: Liu/Ander | G39: Liu | I39: Remmel/Ander | K39: Remmel | M39: Remmel
A40: Brown | C40: Brown | E40: Brown | G40: Brown | I40: Brown | K40: Brown | M40: Brown
A41: Ander/Haboubi | C41: Ander | E41: Ander | G41: Ander | I41: Ander | K41: Nord/Remmel | M41: Nord/Remmel
A42: Ding | C42: Ding | E42: Ding | G42: Ding | I42: Ding | K42: Ding | M42: Ding
A43: Shafer | C43: Shafer | E43: Shafer | G43: Shafer | I43: Shafer | K43: Shafer | M43: Shafer
A44: Kari-Night | C44: Kari-Night | E44: Betsy-Night | G44: Betsy/Kari-Night | I44: Betsy-Night | K44: Betsy (All New) | M44: Betsy
A45: Pham | C45: Pham | E45: Pham | G45: Pham | I45: Haboubi | K45: Haboubi | M45: Haboubi (All New)
A46: =IF(M38="","",IF(MONTH(M38+1)<>MONTH($A$1),"",M38+1)) | C46: =IF(A46="","",IF(MONTH(A46+1)<>MONTH($A$1),"",A46+1)) | E46: Notes:
A47: Remmel/Ander | E47: Ander (1-9, 21-23), Remmel (10-16), Pham (1,2), Wang (1), Betsy (?), Haboubi (3-6), Liu (1-9)
A48: Palade
A49: Ander
A50: Liu
A51: Sagi
A52: Kari
A53: Haboubi-Night | E53: © 2011-2019 by Vertex42.com. Free to print. | I53: =HYPERLINK("https://www.vertex42.com/calendars/academic-calendar.html","https://www.vertex42.com/calendars/academic-calendar.html") -> https://www.vertex42.com/calendars/academic-calendar.html

Sheet Sep2020
A1: =EDATE('©'!A17,2) -> 45170 | K1: (c) 2011 Vertex42 LLC
A2: Neurology Call Schedule
A3: ULH Stroke | C3: ULH General | E3: Jewish | G3: IR | I3: EMU | K3: Jasper/TRH/JS | M3: Good Sam
A4: =UPPER(TEXT(A1,"mmmm yyyy")) -> SEPTEMBER 2023
A5: =A14 -> 45173 | C5: =C14 -> 45174 | E5: =E14 -> 45175 | G5: =G14 -> 45176 | I5: =I14 -> 45177 | K5: =K14 -> 45178 | M5: =M14 -> 45179
A6: =IF(WEEKDAY($A$1,1)=startday,$A$1,"") | C6: =IF(A6="",IF(WEEKDAY($A$1,1)=MOD(startday,7)+1,$A$1,""),A6+1) | E6: =IF(C6="",IF(WEEKDAY($A$1,1)=MOD(startday,7)+2,$A$1,""),C6+1) | G6: =IF(E6="",IF(WEEKDAY($A$1,1)=MOD(startday,7)+3,$A$1,""),E6+1) | I6: =IF(G6="",IF(WEEKDAY($A$1,1)=MOD(startday,7)+4,$A$1,""),G6+1) -> 45170 | K6: =IF(I6="",IF(WEEKDAY($A$1,1)=MOD(startday,7)+5,$A$1,""),I6+1) -> 45171 | M6: =IF(K6="",IF(WEEKDAY($A$1,1)=MOD(startday+5,7)+1,$A$1,""),K6+1) -> 45172
C7: Remmel | E7: Remmel/Haboubi | G7: Remmel | I7: Haboubi/Remmel | K7: Haboubi | M7: Haboubi
C8: Palade | E8: Palade | G8: Palade | I8: Palade | K8: Palade | M8: Palade
C9: Ander | E9: Ander | G9: Ander | I9: Remmel | K9: Remmel | M9: Remmel
C10: Liu | E10: Liu | G10: Ding | I10: Liu | K10: Liu | M10: Liu
C11: Sagi | E11: Sagi | G11: Sagi | I11: Sagi | K11: Sagi | M11: Sagi
C12: Kari-Night | E12: Betsy-Night | G12: Kari-Night | I12: Kari-Night | K12: Kari (All New) | M12: Kari (All New)
C13: Haboubi | E13: Haboubi | G13: Pham | I13: Pham | K13: Pham | M13: Pham
A14: =M6+1 -> 45173 | C14: =A14+1 -> 45174 | E14: =C14+1 -> 45175 | G14: =E14+1 -> 45176 | I14: =G14+1 -> 45177 | K14: =I14+1 -> 45178 | M14: =K14+1 -> 45179
A15: Haboubi/Liu | C15: Haboubi | E15: Haboubi | G15: Haboubi | I15: Remmel/Haboubi | K15: Remmel | M15: Remmel
A16: Shafer | C16: Shafer | E16: Shafer | G16: Shafer | I16: Shafer | K16: Shafer | M16: Shafer
A17: Remmel | C17: Remmel | E17: Ander/Remmel | G17: Ander/Remmel | I17: Hernandez/Haboubi | K17: Hernandez/Remmel | M17: Hernandez/Remmel
A18: Ding | C18: Ding | E18: Ding | G18: Liu | I18: Ding | K18: Ding | M18: Ding
A19: Palade | C19: Palade | E19: Palade | G19: Palade | I19: Palade | K19: Palade | M19: Palade
A20: Kari | C20: Kari | E20: Betsy-Night | G20: Betsy, Kari Night | I20: Betsy | K20: Betsy | M20: Betsy
A21: Pham-Night | C21: Pham-Night | E21: Pham | G21: Pham | I21: Pham-Night | K21: Pham (All New) | M21: Pham (All New)
A22: =M14+1 -> 45180 | C22: =A22+1 -> 45181 | E22: =C22+1 -> 45182 | G22: =E22+1 -> 45183 | I22: =G22+1 -> 45184 | K22: =I22+1 -> 45185 | M22: =K22+1 -> 45186
A23: Remmel/Haboubi | C23: Remmel | E23: Remmel/Liu | G23: Remmel | I23: Liu/Remmel | K23: Liu | M23: Liu
A24: Hedera | C24: Hedera | E24: Hedera | G24: Hedera | I24: Hedera | K24: Hedera | M24: Hedera
A25: Ander/Haboubi | C25: Ander | E25: Ander | G25: Ander | I25: Remmel | K25: Nord /Haboubi | M25: Nord/Haboubi
A26: Liu | C26: Liu | E26: Liu | G26: Liu | I26: Liu | K26: Liu | M26: Liu
A27: Sagi | C27: Sagi | E27: Sagi | G27: Sagi | I27: Sagi | K27: Sagi | M27: Sagi
A28: Kari-Night | C28: Kari-Night | E28: Betsy-Night | G28: Kari | I28: Kari | K28: Kari | M28: Kari
A29: Haboubi | C29: Haboubi | E29: Haboubi | G29: Haboubi/Night | I29: Haboubi-Night | K29: Haboubi (All New) | M29: Haboubi (All New)
A30: =M22+1 -> 45187 | C30: =A30+1 -> 45188 | E30: =C30+1 -> 45189 | G30: =E30+1 -> 45190 | I30: =G30+1 -> 45191 | K30: =I30+1 -> 45192 | M30: =K30+1 -> 45193
A31: Liu/Ander | C31: Liu | E31: Liu/Haboubi | G31: Liu | I31: Ander/Liu | K31: Ander | M31: Ander
A32: Wang | C32: Wang | E32: Wang | G32: Wang | I32: Wang | K32: Wang | M32: Wang
A33: Ander | C33: Ander/Remmel | E33: Ander/Haboubi | G33: Ander | I33: Sagi | K33: Sagi/Ander | M33: Sagi/Ander
A34: Ding | C34: Ding | E34: Ding | G34: Ding | I34: Ding | K34: Ding | M34: Ding
A35: Shafer | C35: Shafer | E35: Shafer | G35: Shafer | I35: Shafer | K35: Evans | M35: Evans
A36: Betsy | C36: Betsy, Kari-Night | E36: Betsy-Night | G36: Betsy | I36: Betsy-Night | K36: Betsy (All New) | M36: Betsy (All New)
A37: Haboubi-Night | C37: Haboubi | E37: Haboubi | G37: Haboubi-Night | I37: Haboubi | K37: Haboubi | M37: Haboubi
A38: =IF(M30="","",IF(MONTH(M30+1)<>MONTH($A$1),"",M30+1)) -> 45194 | C38: =IF(A38="","",IF(MONTH(A38+1)<>MONTH($A$1),"",A38+1)) -> 45195 | E38: =IF(C38="","",IF(MONTH(C38+1)<>MONTH($A$1),"",C38+1)) -> 45196 | G38: =IF(E38="","",IF(MONTH(E38+1)<>MONTH($A$1),"",E38+1)) -> 45197 | I38: =IF(G38="","",IF(MONTH(G38+1)<>MONTH($A$1),"",G38+1)) -> 45198 | K38: =IF(I38="","",IF(MONTH(I38+1)<>MONTH($A$1),"",I38+1)) -> 45199 | M38: =IF(K38="","",IF(MONTH(K38+1)<>MONTH($A$1),"",K38+1))
A39: Ander/Liu | C39: Ander | E39: Ander/Haboubi
A40: Feng | C40: Feng | E40: Feng
A41: Sagi | C41: Sagi | E41: Sagi/Haboubi
A42: Liu | C42: Liu | E42: Liu
A43: Evans | C43: Evans | E43: Evans
A44: Betsy | C44: Betsy | E44: Betsy-Night
A45: Pham-Night | C45: Pham-Night | E45: Pham
A46: =IF(M38="","",IF(MONTH(M38+1)<>MONTH($A$1),"",M38+1)) | C46: =IF(A46="","",IF(MONTH(A46+1)<>MONTH($A$1),"",A46+1)) | E46: Notes:
E47: Ander (4-7, 18-20), Robertson (9-12), Shafer (26-30), Wang (1-15), Brown (23-24), Brown (29-30)
E53: © 2011-2019 by Vertex42.com. Free to print. | I53: =HYPERLINK("https://www.vertex42.com/calendars/academic-calendar.html","https://www.vertex42.com/calendars/academic-calendar.html") -> https://www.vertex42.com/calendars/academic-calendar.html

Sheet Oct2020
A1: =EDATE('©'!A17,3) -> 45200 | K1: (c) 2011 Vertex42 LLC
A2: Neurology Call Schedule
A3: ULH Stroke | C3: ULH General | E3: Jewish | G3: IR | I3: EMU | K3: Jasper/TRH/JS | M3: Good Sam
A4: =UPPER(TEXT(A1,"mmmm yyyy")) -> OCTOBER 2023
A5: =A14 -> 45201 | C5: =C14 -> 45202 | E5: =E14 -> 45203 | G5: =G14 -> 45204 | I5: =I14 -> 45205 | K5: =K14 -> 45206 | M5: =M14 -> 45207
A6: =IF(WEEKDAY($A$1,1)=startday,$A$1,"") | C6: =IF(A6="",IF(WEEKDAY($A$1,1)=MOD(startday,7)+1,$A$1,""),A6+1) | E6: =IF(C6="",IF(WEEKDAY($A$1,1)=MOD(startday,7)+2,$A$1,""),C6+1) | G6: =IF(E6="",IF(WEEKDAY($A$1,1)=MOD(startday,7)+3,$A$1,""),E6+1) | I6: =IF(G6="",IF(WEEKDAY($A$1,1)=MOD(startday,7)+4,$A$1,""),G6+1) | J6: **See note below | K6: =IF(I6="",IF(WEEKDAY($A$1,1)=MOD(startday,7)+5,$A$1,""),I6+1) | M6: =IF(K6="",IF(WEEKDAY($A$1,1)=MOD(startday+5,7)+1,$A$1,""),K6+1) -> 45200
G7: Ander | I7: Haboubi/Remmel | K7: Haboubi | M7: Haboubi
G8: Feng | I8: Feng | K8: Feng | M8: Feng
G9: Sagi | I9: Pham/Remmel | K9: Remmel/Haboubi | M9: Remmel/Haboubi
G10: Liu | I10: Liu | K10: Liu | M10: Liu
G11: Evans | I11: Evans | K11: Evans | M11: Evans
G12: Kari (Night) | I12: Kari (Night) | K12: Kari (All) | M12: Kari (All)
G13: Pham | I13: Pham | K13: Pham | M13: Pham
A14: =M6+1 -> 45201 | C14: =A14+1 -> 45202 | E14: =C14+1 -> 45203 | G14: =E14+1 -> 45204 | I14: =G14+1 -> 45205 | K14: =I14+1 -> 45206 | M14: =K14+1 -> 45207
A15: Haboubi/Ander | C15: Haboubi | E15: Haboubi | G15: Haboubi | I15: Remmel/Haboubi | K15: Remmel | M15: Remmel
A16: Brown | C16: Brown | E16: Brown | G16: Brown | I16: Brown | K16: Brown | M16: Brown
A17: Ander | C17: Ander | E17: Ander | G17: Remmel | I17: Sagi/Haboubi | K17: Sagi/Remmel | M17: Sagi/Remmel
A18: Ding | C18: Ding | E18: Ding | G18: Ding | I18: Ding | K18: Ding | M18: Ding
A19: Shafer | C19: Shafer | E19: Shafer | G19: Shafer | I19: Shafer | K19: Shafer | M19: Shafer
A20: Kari | C20: Kari | E20: Betsy (Night) | G20: Betsy | I20: Betsy | K20: Betsy | M20: Betsy
A21: Pham (Night) | C21: Pham (Night) | E21: Pham | G21: Pham (Night) | I21: Pham (Night) | K21: Pham (All) | M21: Pham (All)
A22: =M14+1 -> 45208 | C22: =A22+1 -> 45209 | E22: =C22+1 -> 45210 | G22: =E22+1 -> 45211 | I22: =G22+1 -> 45212 | K22: =I22+1 -> 45213 | M22: =K22+1 -> 45214
A23: Remmel/Liu | C23: Remmel | E23: Remmel/Haboubi | G23: Remmel | I23: Liu/Remmel | K23: Liu | M23: Liu
A24: Robertson | C24: Robertson | E24: Robertson | G24: Robertson | I24: Robertson | K24: Robertson | M24: Robertson
A25: Sagi | C25: Sagi | E25: Sagi/Haboubi | G25: Ander | I25: Ander/Remmel | K25: Nord/Haboubi | M25: Nord/Haboubi
A26: Ding | C26: Ding | E26: Ding | G26: Ding | I26: Liu | K26: Liu | M26: Liu
A27: Palade | C27: Palade | E27: Palade | G27: Palade | I27: Sagi | K27: Sagi | M27: Sagi
A28: Kari (Night) | C28: Kari (Night) | E28: Kari (Night) | G28: Kari (Night) | I28: Kari | K28: Kari | M28: Kari
A29: Haboubi | C29: Haboubi | E29: Haboubi | G29: Haboubi | I29: Haboubi (Night) | K29: Haboubi-All | M29: Haboubi-All
A30: =M22+1 -> 45215 | C30: =A30+1 -> 45216 | E30: =C30+1 -> 45217 | G30: =E30+1 -> 45218 | I30: =G30+1 -> 45219 | K30: =I30+1 -> 45220 | M30: =K30+1 -> 45221
A31: Liu/Ander | C31: Liu | E31: Liu/Haboubi | G31: Liu | I31: Ander/Remmel | K31: Ander | M31: Ander
A32: Shafer | C32: Shafer | E32: Shafer | G32: Shafer | I32: Shafer | K32: Shafer | M32: Shafer
A33: Ander/Ander | C33: Ander | E33: Ander/Haboubi | G33: Ander | I33: Hernandez/Remmel | K33: Hernandez/Ander | M33: Hernandez/Ander
A34: Liu | C34: Liu | E34: Liu | G34: Liu | I34: Liu | K34: Liu | M34: Liu
A35: Sagi | C35: Sagi | E35: Sagi | G35: Sagi | I35: Palade | K35: Palade | M35: Palade
A36: Betsy (Night) | C36: Betsy/Kari (Night) | E36: Betsy (Night) | G36: Betsy | I36: Betsy (Night) | K36: Betsy(All) | M36: Betsy(All)
A37: Haboubi | C37: Haboubi | E37: Haboubi | G37: Haboubi (Night) | I37: Haboubi | K37: Haboubi | M37: Haboubi
A38: =IF(M30="","",IF(MONTH(M30+1)<>MONTH($A$1),"",M30+1)) -> 45222 | C38: =IF(A38="","",IF(MONTH(A38+1)<>MONTH($A$1),"",A38+1)) -> 45223 | E38: =IF(C38="","",IF(MONTH(C38+1)<>MONTH($A$1),"",C38+1)) -> 45224 | G38: =IF(E38="","",IF(MONTH(E38+1)<>MONTH($A$1),"",E38+1)) -> 45225 | I38: =IF(G38="","",IF(MONTH(G38+1)<>MONTH($A$1),"",G38+1)) -> 45226 | K38: =IF(I38="","",IF(MONTH(I38+1)<>MONTH($A$1),"",I38+1)) -> 45227 | M38: =IF(K38="","",IF(MONTH(K38+1)<>MONTH($A$1),"",K38+1)) -> 45228
A39: Ander/Liu | C39: Ander | E39: Ander/Haboubi | G39: Ander | I39: Haboubi/Haboubi | K39: Haboubi/Remmel
A40: Hedera | C40: Hedera | E40: Hedera | G40: Hedera | I40: Hedera | K40: Hedera
A41: Remmel | C41: Remmel | E41: Remmel/Haboubi | G41: Remmel | I41: Remmel/Haboubi | K41: Remmel/Remmel
A42: Liu | C42: Ding | E42: Liu | G42: Ding | I42: Ding | K42: Ding
A43: Palade | C43: Palade | E43: Palade | G43: Palade | I43: Palade | K43: Palade
A44: Kari (Night) | C44: Kari (Night) | E44: Betsy (Night) | G44: Kari (Night) | I44: Kari (Night) | K44: Kari (All)
A45: Pham | C45: Pham | E45: Pham | G45: Pham | I45: Pham | K45: Pham
A46: =IF(M38="","",IF(MONTH(M38+1)<>MONTH($A$1),"",M38+1)) -> 45229 | C46: =IF(A46="","",IF(MONTH(A46+1)<>MONTH($A$1),"",A46+1)) -> 45230 | E46: Notes:
E47: Ander (8-14), Remmel (24), Robertson (1,2,5,6), Shafer (1,2), Betsy (12-18), Robertson (3-10), Brown (1-2)
E48: Stroke Symposium on Friday, October 2. Pham will round at Jewish. Liu will hold stroke phone at ULH until the end of the conference (3 pm)
E49: Haboubi will round at ULH after the conference
E53: © 2011-2019 by Vertex42.com. Free to print. | I53: =HYPERLINK("https://www.vertex42.com/calendars/academic-calendar.html","https://www.vertex42.com/calendars/academic-calendar.html") -> https://www.vertex42.com/calendars/academic-calendar.html

Sheet Nov2020
A1: =EDATE('©'!A17,4) -> 45231 | K1: (c) 2011 Vertex42 LLC
A2: Neurology Call Schedule
A3: ULH Stroke | C3: ULH General | E3: Jewish | G3: IR | I3: EMU | K3: Jasper/TRH/JS | M3: Good Sam
A4: =UPPER(TEXT(A1,"mmmm yyyy")) -> NOVEMBER 2023
A5: =A14 -> 45236 | C5: =C14 -> 45237 | E5: =E14 -> 45238 | G5: =G14 -> 45239 | I5: =I14 -> 45240 | K5: =K14 -> 45241 | M5: =M14 -> 45242
A6: =IF(WEEKDAY($A$1,1)=startday,$A$1,"") | C6: =IF(A6="",IF(WEEKDAY($A$1,1)=MOD(startday,7)+1,$A$1,""),A6+1) | E6: =IF(C6="",IF(WEEKDAY($A$1,1)=MOD(startday,7)+2,$A$1,""),C6+1) -> 45231 | G6: =IF(E6="",IF(WEEKDAY($A$1,1)=MOD(startday,7)+3,$A$1,""),E6+1) -> 45232 | I6: =IF(G6="",IF(WEEKDAY($A$1,1)=MOD(startday,7)+4,$A$1,""),G6+1) -> 45233 | K6: =IF(I6="",IF(WEEKDAY($A$1,1)=MOD(startday,7)+5,$A$1,""),I6+1) -> 45234 | M6: =IF(K6="",IF(WEEKDAY($A$1,1)=MOD(startday+5,7)+1,$A$1,""),K6+1) -> 45235
M7: Haboubi
M8: Hedera
M9: Remmel/Haboubi
M10: Ding
M11: Palade
M12: Kari (All)
M13: Pham
A14: =M6+1 -> 45236 | C14: =A14+1 -> 45237 | E14: =C14+1 -> 45238 | G14: =E14+1 -> 45239 | I14: =G14+1 -> 45240 | K14: =I14+1 -> 45241 | M14: =K14+1 -> 45242
A15: Haboubi/Ander | C15: Haboubi | E15: Haboubi/Remmel | G15: Haboubi | I15: Liu/Haboubi | K15: Liu | M15: Liu
A16: Holiday | C16: Holiday | E16: Holiday | G16: Holiday | I16: Holiday | K16: Holiday | M16: Holiday
A17: Remmel | C17: Remmel | E17: Remmel | G17: Hernandez | I17: Hernandez/Haboubi | K17: Hernandez/Pham | M17: Hernandez/Pham
A18: Ding | C18: Ding | E18: Ding | G18: Ding | I18: Liu | K18: Liu | M18: Liu
A19: Shafer | C19: Shafer | E19: Shafer | G19: Shafer | I19: Shafer | K19: Shafer | M19: Shafer
A20: Kari (Night) | C20: Kari (Night) | E20: Betsy (Night) | G20: Kari (Night) | I20: Kari | K20: Kari | M20: Kari
A21: Pham | C21: Pham | E21: Pham | G21: Pham | I21: Pham (Night) | K21: Pham (All) | M21: Pham (All)
A22: =M14+1 -> 45243 | C22: =A22+1 -> 45244 | E22: =C22+1 -> 45245 | G22: =E22+1 -> 45246 | I22: =G22+1 -> 45247 | K22: =I22+1 -> 45248 | M22: =K22+1 -> 45249
A23: Liu/Ander | C23: Liu | E23: Liu/Haboubi | G23: Liu | I23: Remmel/Liu | K23: Remmel | M23: Remmel
A24: Feng | C24: Feng | E24: Feng | G24: Feng | I24: Feng | K24: Feng | M24: Feng
A25: Ander/Ander | C25: Ander | E25: Ander/Haboubi | G25: Ander/Remmel | I25: Ander | K25: Nord/Remmel | M25: Nord/Remmel
A26: Ding | C26: Ding | E26: Ding | G26: Ding | I26: Ding | K26: Ding | M26: Ding
A27: Sagi | C27: Sagi | E27: Sagi | G27: Sagi | I27: Sagi | K27: Sagi | M27: Sagi
A28: Kari (Night) | C28: Betsy | E28: Betsy (Night) | G28: Betsy | I28: Betsy (Night) | K28: Betsy (All) | M28: Betsy
A29: Haboubi | C29: Haboubi (Night) | E29: Haboubi | G29: Haboubi (Night) | I29: Haboubi | K29: Haboubi | M29: Haboubi (All)
A30: =M22+1 -> 45250 | C30: =A30+1 -> 45251 | E30: =C30+1 -> 45252 | G30: =E30+1 -> 45253 | I30: =G30+1 -> 45254 | K30: =I30+1 -> 45255 | M30: =K30+1 -> 45256
A31: Remmel/Haboubi | C31: Remmel | E31: Remmel/Ander | G31: Remmel | I31: Ander/Remmel | K31: Ander | M31: Ander
A32: Robertson | C32: Robertson | E32: Robertson | G32: Robertson | I32: Robertson | K32: Robertson | M32: Robertson
A33: Ander/Haboubi | C33: Ander | E33: Ander/Ander | G33: Ander | I33: Remmel/Remmel | K33: Remmel/Ander | M33: Remmel/Amder
A34: Liu | C34: Liu | E34: Liu | G34: Liu | I34: Liu | K34: Liu | M34: Liu
A35: Sagi | C35: Sagi | E35: Sagi | G35: Sagi | I35: Sagi | K35: Sagi | M35: Sagi
A36: Betsy (Night) | C36: Betsy/Kari (Night) | E36: Betsy (Night) | G36: Kari (Night) | I36: Kari | K36: Kari | M36: Kari
A37: Haboubi | C37: Haboubi | E37: Haboubi | G37: Haboubi | I37: Haboubi (Night) | K37: Haboubi (All) | M37: Haboubi (All)
A38: =IF(M30="","",IF(MONTH(M30+1)<>MONTH($A$1),"",M30+1)) -> 45257 | C38: =IF(A38="","",IF(MONTH(A38+1)<>MONTH($A$1),"",A38+1)) -> 45258 | E38: =IF(C38="","",IF(MONTH(C38+1)<>MONTH($A$1),"",C38+1)) -> 45259 | G38: =IF(E38="","",IF(MONTH(E38+1)<>MONTH($A$1),"",E38+1)) -> 45260 | I38: =IF(G38="","",IF(MONTH(G38+1)<>MONTH($A$1),"",G38+1)) | K38: =IF(I38="","",IF(MONTH(I38+1)<>MONTH($A$1),"",I38+1)) | M38: =IF(K38="","",IF(MONTH(K38+1)<>MONTH($A$1),"",K38+1))
A39: Ander/Haboubi | C39: Ander | E39: Ander/Remmel | G39: Ander | I39: Haboubi/Liu | K39: Haboubi | M39: Haboubi
A40: Brown | C40: Brown | E40: Brown | G40: Brown | I40: Brown | K40: Brown | M40: Brown
A41: Sagi/Haboubi | C41: Sagi | E41: Sagi/Remmel | G41: Sagi | I41: Sagi | K41: Sagi/Haboubi | M41: Sagi/Haboubi
A42: Liu | C42: Liu | E42: Liu | G42: Liu | I42: Liu | K42: Liu | M42: Liu
A43: Shafer | C43: Shafer | E43: Shafer | G43: Shafer | I43: Shafer | K43: Shafer | M43: Shafer
A44: Betsy | C44: Betsy | E44: Betsy (Night) | G44: Kari | I44: Kari | K44: Betsy (All) | M44: Betsy (All)
A45: Pham (Night) | C45: Pham (Night) | E45: Pham | G45: Pham (Night) | I45: Pham (Night) | K45: Pham | M45: Pham
A46: =IF(M38="","",IF(MONTH(M38+1)<>MONTH($A$1),"",M38+1)) | C46: =IF(A46="","",IF(MONTH(A46+1)<>MONTH($A$1),"",A46+1)) | E46: Notes:
A47: Haboubi/Ander | E47: Ander (3-8), Remmel (26-28), Wang (24-25)
A48: Hedera
A49: Ander/Ander
A50: Ding
A51: Sagi
A52: Betsy (Night)
A53: Pham | E53: © 2011-2019 by Vertex42.com. Free to print. | I53: =HYPERLINK("https://www.vertex42.com/calendars/academic-calendar.html","https://www.vertex42.com/calendars/academic-calendar.html") -> https://www.vertex42.com/calendars/academic-calendar.html

Sheet Dec2020
A1: =EDATE('©'!A17,5) -> 45261 | K1: (c) 2011 Vertex42 LLC
A2: Neurology Call Schedule
A3: ULH Stroke | C3: ULH General | E3: Jewish | G3: IR | I3: EMU | K3: Jasper/TRH/JS | M3: Good Sam
A4: =UPPER(TEXT(A1,"mmmm yyyy")) -> DECEMBER 2023
A5: =A14 -> 45264 | C5: =C14 -> 45265 | E5: =E14 -> 45266 | G5: =G14 -> 45267 | I5: =I14 -> 45268 | K5: =K14 -> 45269 | M5: =M14 -> 45270
A6: =IF(WEEKDAY($A$1,1)=startday,$A$1,"") | C6: =IF(A6="",IF(WEEKDAY($A$1,1)=MOD(startday,7)+1,$A$1,""),A6+1) | E6: =IF(C6="",IF(WEEKDAY($A$1,1)=MOD(startday,7)+2,$A$1,""),C6+1) | G6: =IF(E6="",IF(WEEKDAY($A$1,1)=MOD(startday,7)+3,$A$1,""),E6+1) | I6: =IF(G6="",IF(WEEKDAY($A$1,1)=MOD(startday,7)+4,$A$1,""),G6+1) -> 45261 | K6: =IF(I6="",IF(WEEKDAY($A$1,1)=MOD(startday,7)+5,$A$1,""),I6+1) -> 45262 | M6: =IF(K6="",IF(WEEKDAY($A$1,1)=MOD(startday+5,7)+1,$A$1,""),K6+1) -> 45263
C7: Haboubi | E7: Haboubi | G7: Haboubi | I7: Liu/Remmel | K7: Liu | M7: Liu
C8: Hedera | E8: Hedera | G8: Hedera | I8: Hedera | K8: Hedera | M8: Hedera
C9: Ander | E9: Ander/Liu | G9: Ander | I9: Ander/Remmel | K9: Hernandez | M9: Hernandez
C10: Ding | E10: Ding | G10: Ding | I10: Liu | K10: Liu | M10: Liu
C11: Sagi | E11: Sagi | G11: Sagi | I11: Sagi | K11: Sagi | M11: Sagi
C12: Betsy/Pham (Night) | E12: Betsy (Kari Night) | G12: Kari (Night) | I12: Betsy-7am-5pm Kari (night) | K12: Kari (All) | M12: Kari (All)
C13: Pham | E13: Pham | G13: Pham | I13: Pham | K13: Pham | M13: Pham
A14: =M6+1 -> 45264 | C14: =A14+1 -> 45265 | E14: =C14+1 -> 45266 | G14: =E14+1 -> 45267 | I14: =G14+1 -> 45268 | K14: =I14+1 -> 45269 | M14: =K14+1 -> 45270
A15: Liu/Ander | C15: Liu | E15: Liu/Haboubi | G15: Liu | I15: Ander/Remmel | K15: Ander | M15: Ander
A16: Shafer | C16: Shafer | E16: Shafer | G16: Shafer | I16: Shafer | K16: Shafer | M16: Shafer
A17: Ander/Ander | C17: Ander | E17: Ander/Haboubi | G17: Ander | I17: Remmel/Remmel | K17: Nord/Ander | M17: Nord/Ander
A18: Liu | C18: Liu | E18: Liu | G18: Liu | I18: Liu | K18: Liu | M18: Liu
A19: Palade | C19: Palade | E19: Palade | G19: Palade | I19: Palade | K19: Palade | M19: Palade
A20: Kari | C20: Kari | E20: Betsy (Night) | G20: Kari (Night) | I20: Kari | K20: Kari | M20: Kari
A21: Haboubi (Night) | C21: Haboubi (Night) | E21: Haboubi | G21: Haboubi | I21: Haboubi (Night) | K21: Haboubi (All) | M21: Haboubi (All)
A22: =M14+1 -> 45271 | C22: =A22+1 -> 45272 | E22: =C22+1 -> 45273 | G22: =E22+1 -> 45274 | I22: =G22+1 -> 45275 | K22: =I22+1 -> 45276 | M22: =K22+1 -> 45277
A23: Ander/Liu | C23: Ander | E23: Ander/Haboubi | G23: Ander | I23: Haboubi/Remmel | K23: Haboubi | M23: Haboubi
A24: Feng | C24: Feng | E24: Feng | G24: Feng | I24: Feng | K24: Feng | M24: Feng
A25: Remmel | C25: Remmel | E25: Remmel/Haboubi | G25: Remmel | I25: Hernandez/Remmel | K25: Hernandez/Haboubi | M25: Hernandez/Haboubi
A26: Liu | C26: Liu | E26: Liu | G26: Ding | I26: Ding | K26: Ding | M26: Ding
A27: Evans | C27: Evans | E27: Evans | G27: Evans | I27: Evans | K27: Evans | M27: Evans
A28: Kari (Night) | C28: Kari (Night) | E28: Betsy (Night) | G28: Betsy/Kari (Night) | I28: Betsy (Night) | K28: Betsy (All) | M28: Betsy (All)
A29: Haboubi | C29: Haboubi | E29: Haboubi | G29: Haboubi | I29: Pham | K29: Pham | M29: Pham
A30: =M22+1 -> 45278 | C30: =A30+1 -> 45279 | E30: =C30+1 -> 45280 | G30: =E30+1 -> 45281 | I30: =G30+1 -> 45282 | K30: =I30+1 -> 45283 | M30: =K30+1 -> 45284
A31: Haboubi/Ander | C31: Haboubi | E31: Haboubi | G31: Haboubi | I31: Remmel | K31: Remmel | M31: Remmel
A32: Wang | C32: Wang | E32: Wang | G32: Wang | I32: Wang | K32: Wang | M32: Wang
A33: Remmel/Ander | C33: Remmel | E33: Remmel/Haboubi | G33: Remmel/Haboubi | I33: Sagi | K33: Sagi/Remmel | M33: Sagi
A34: Ding | C34: Ding | E34: Ding | G34: Ding | I34: Ding | K34: Ding | M34: Ding
A35: Sagi | C35: Sagi | E35: Sagi | G35: Sagi | I35: Sagi | K35: Palade | M35: Palade
A36: Betsy (Night) | C36: Betsy | E36: Betsy (Night) | G36: Betsy | I36: Kari | K36: Betsy | M36: Betsy
A37: Pham | C37: Pham (Night) | E37: Pham | G37: Pham (Night) | I37: Pham (Night) | K37: Pham (All) | M37: Pham (All)
A38: =IF(M30="","",IF(MONTH(M30+1)<>MONTH($A$1),"",M30+1)) -> 45285 | C38: =IF(A38="","",IF(MONTH(A38+1)<>MONTH($A$1),"",A38+1)) -> 45286 | E38: =IF(C38="","",IF(MONTH(C38+1)<>MONTH($A$1),"",C38+1)) -> 45287 | G38: =IF(E38="","",IF(MONTH(E38+1)<>MONTH($A$1),"",E38+1)) -> 45288 | I38: =IF(G38="","",IF(MONTH(G38+1)<>MONTH($A$1),"",G38+1)) -> 45289 | K38: =IF(I38="","",IF(MONTH(I38+1)<>MONTH($A$1),"",I38+1)) -> 45290 | M38: =IF(K38="","",IF(MONTH(K38+1)<>MONTH($A$1),"",K38+1)) -> 45291
A39: Ander | C39: Ander | E39: Ander | G39: Liu
A40: Robertson | C40: Robertson | E40: Robertson | G40: Robertson
A41: Sagi/Ander | C41: Sagi | E41: Sagi/Ander | G41: Sagi
A42: Ding | C42: Ding | E42: Ding | G42: Liu
A43: Shafer | C43: Shafer | E43: Shafer | G43: Shafer
A44: Kari | C44: Kari (Night) | E44: Betsy (Night) | G44: Kari (Night)
A45: Haboubi (Night) | C45: Haboubi | E45: Haboubi | G45: Haboubi
A46: =IF(M38="","",IF(MONTH(M38+1)<>MONTH($A$1),"",M38+1)) | C46: =IF(A46="","",IF(MONTH(A46+1)<>MONTH($A$1),"",A46+1)) | E46: Notes:
E53: © 2011-2019 by Vertex42.com. Free to print. | I53: =HYPERLINK("https://www.vertex42.com/calendars/academic-calendar.html","https://www.vertex42.com/calendars/academic-calendar.html") -> https://www.vertex42.com/calendars/academic-calendar.html
